customer_id,full_name,gender,birthday,phone_number,cell_phone,email,address_id
18258VTFF,Derward Helder,M,2003-01-21,918-676-2536,3922675932,dhelder0@dyndns.org,5
08481WBBK,Julee Halkyard,F,1962-02-18,286-262-9943,5745510833,jhalkyard1@fda.gov,7
94303JWTD,Joeann Pfeuffer,F,1994-05-07,718-818-0133,,,12
93214WTZW,Cyndi Grinsted,F,1995-07-09,874-873-8835,2958634349,cgrinsted3@ibm.com,14
87612BOEV,Marni MacCall,F,1948-04-22,838-313-2791,1247221643,mmaccall4@squarespace.com,19
03552MMGN,Staford Lindeman,M,1980-07-18,912-160-1373,8828699739,slindeman5@npr.org,20
92623KQZR,Jere Ingarfill,M,1963-03-09,619-412-5184,4682707587,jingarfill6@wikipedia.org,23
67383HZVX,Chic Measor,M,1971-07-22,799-383-6834,4128882184,cmeasor7@wikia.com,26
42438YADB,Conroy Di Ruggiero,M,1949-12-13,294-383-1799,6916394849,cdi8@timesonline.co.uk,30
82767MXXC,Bob Ravelus,M,1980-09-16,589-689-2808,1402153844,bravelus9@zdnet.com,31
76649BVYS,Happy Deeks,F,1967-09-27,114-293-1852,4378385600,hdeeksa@freewebs.com,32
29615DGPL,Michaeline Polon,F,1987-07-21,237-653-2222,2926849918,mpolonb@canalblog.com,33
87934XNJG,Uta Buckenham,F,1968-03-20,756-275-9893,4236410341,ubuckenhamc@home.pl,34
25935HNYY,Fayre Cantos,F,1986-07-17,187-365-9229,4959614635,fcantosd@canalblog.com,40
93591RHQB,Dino MacLure,M,1988-10-21,374-216-6166,8625227428,dmacluree@bbc.co.uk,42
27271BNGN,Jdavie Ruegg,M,1993-12-26,739-683-7713,,,44
38630HZNZ,Bird Redfield,F,1953-07-25,867-414-6820,1175802507,bredfieldg@epa.gov,45
68582MPTR,Mada Craigmyle,F,1978-11-29,808-891-9739,2636477766,mcraigmyleh@nhs.uk,47
81978JEUU,Marta Lanegran,F,1995-06-01,650-366-1084,1552937309,mlanegrani@archive.org,51
94211GXXU,Wylie Rocco,M,1993-03-27,203-663-9272,8138108733,wroccoj@vk.com,53
80733GLAN,Israel Gainsbury,M,1964-12-06,730-117-9058,7745081727,igainsburyk@ask.com,54
98552YSEK,Perry Fulloway,F,1961-09-28,487-653-8267,7733367687,pfullowayl@adobe.com,57
02078EQQT,Garrard Gimbrett,M,1979-07-21,715-677-0891,,,60
95531TBRP,Erie Rowes,M,1984-06-27,487-570-1278,6109290689,erowesn@typepad.com,64
68586FWQU,Kelsy Olivari,F,2000-10-29,710-265-4373,,,69
87647XQNQ,Yoshiko Davydkov,F,1997-06-17,587-442-6074,,,70
34284QPPH,Gian Gilby,M,1979-11-19,728-685-5723,,,73
44421IHHW,Patton Tolan,M,1984-02-03,760-585-7848,,,80
34451YCKS,Martie Ciciura,M,1951-11-30,478-163-9879,5094883199,mciciuras@squidoo.com,86
95040SBVL,Jillene Comino,F,1966-06-01,131-431-1080,,,88
51549NDPJ,Raleigh Skeen,M,1996-01-08,188-263-2880,6263863988,rskeenu@google.com.au,94
00532WKFG,Ahmad Vondrys,M,1976-10-18,771-491-1714,8905546960,avondrysv@etsy.com,100
88545LAYL,Matteo Hurn,M,1985-07-25,963-520-7206,,,108
18630CNPB,Jandy Crosgrove,F,1973-06-25,630-602-6492,3283195441,jcrosgrovex@techcrunch.com,111
32669QAMY,Orlando Viegas,M,1989-04-06,494-376-1016,,,116
11116WFHA,Gar Sawer,M,1988-09-05,444-931-0187,,,117
52279JVHF,Terri-jo Richard,F,1960-12-26,120-825-3419,8258378795,trichard10@mail.ru,120
97024ACRA,Alexandra Georgeson,F,1983-06-05,152-182-0783,3524461959,ageorgeson11@comsenz.com,122
65031CTFS,Blaine Danilyak,M,1960-12-19,437-910-3036,6085703933,bdanilyak12@blogtalkradio.com,124
50300NKLM,Brandon Ferran,M,1958-08-07,781-811-1455,2752970288,bferran13@hc360.com,125
23373OIZR,Artemus Rapson,M,1964-08-21,634-184-8175,7312408642,arapson14@reuters.com,126
56911ZULC,Marcellina Halcro,F,2001-05-18,409-315-0719,,,128
77648HPWS,Trace Chark,M,1991-01-06,551-445-3241,8788484932,tchark16@slideshare.net,133
50584GBVS,Minni Brosi,F,1959-06-30,275-446-0568,1046453954,mbrosi17@accuweather.com,134
70064RDVI,Ethelbert Escudier,M,1995-03-22,278-716-2623,2566795687,eescudier18@slashdot.org,135
24273JCDS,Minnnie Nuccitelli,F,1953-12-18,454-906-7294,7847126481,mnuccitelli19@scribd.com,137
54411TIYF,Shelley Aguirrezabala,M,1959-01-21,663-462-0239,,,139
98969JMFS,Sapphire McClounan,F,1990-04-19,269-452-0732,6153863418,smcclounan1b@blogs.com,141
71777VLNK,Margalo Sergison,F,1952-12-15,835-705-2106,2507304678,msergison1c@washingtonpost.com,142
02370YQOZ,Gerda Grayham,F,1947-07-13,554-913-1437,8586042046,ggrayham1d@google.it,143
72935ZOEP,Sadella Laxon,F,1946-01-06,645-141-3011,,,145
69115KDSM,Ivory Ekless,F,1966-07-18,559-361-6966,9285664664,iekless1f@netvibes.com,146
99217SYRA,Bartholemy Stout,M,2003-02-13,920-963-2960,9128038357,bstout1g@wix.com,147
74333REJG,Amargo Revett,F,1956-09-14,575-836-9179,5539819944,arevett1h@ca.gov,148
42765RSFG,Lola Auger,F,1962-04-22,695-692-6454,5731202030,lauger1i@oracle.com,151
15483UTSS,Rolph Caldicott,M,1966-06-14,452-624-0028,1591143608,rcaldicott1j@usda.gov,152
66094VTVF,Marita MacDearmont,F,1961-09-26,817-768-6000,4203247819,mmacdearmont1k@exblog.jp,157
60620NVYL,Beitris Wasson,F,1967-05-23,598-818-5505,9155984129,bwasson1l@salon.com,159
27325QHFP,Urbain Grunnell,M,1947-05-07,145-698-8688,3108118142,ugrunnell1m@army.mil,160
84514WYTX,Casandra McGragh,F,1959-11-09,874-727-0855,9851678001,cmcgragh1n@icq.com,162
78104LNZA,Olga Assender,F,1945-09-23,134-399-6211,7639107501,oassender1o@cloudflare.com,164
65159HQQP,Kessiah Dyshart,F,1988-03-13,607-506-9011,,,165
17101QTEN,Wilek Rodder,M,1954-04-20,225-132-5267,9228103412,wrodder1q@live.com,167
70133LXRT,Norbie De Ferraris,M,1946-03-03,814-763-7666,2707532393,nde1r@constantcontact.com,168
16730ZVIA,Avie McKevin,F,1962-08-08,836-578-1778,7991426384,amckevin1s@tripadvisor.com,169
69408PZCQ,Brandice Heinel,F,1978-08-14,696-995-8782,4432643850,bheinel1t@lycos.com,171
25434HMPF,Rozamond Smaridge,F,1952-04-16,896-635-3129,4619761007,rsmaridge1u@youtu.be,172
30828RHLO,Linnie Conor,F,1993-07-18,172-559-5639,,,174
86627NLLZ,Buddy Sennett,M,1947-07-19,446-183-3712,4473027494,bsennett1w@imgur.com,176
09591PDXE,Kasey Zealey,F,1997-04-12,412-712-7188,5784581446,kzealey1x@hubpages.com,179
95905WUFF,Alvy Thewless,M,2001-09-17,278-335-9984,3431359436,athewless1y@mayoclinic.com,182
51144WGEM,Meredeth Faunch,M,1959-03-20,386-209-6094,5851846013,mfaunch1z@feedburner.com,183
14567ZGIE,Leonardo Duggleby,M,2002-07-28,349-708-9477,9632212786,lduggleby20@tripod.com,184
95475BQLW,Onfre Maciocia,M,2003-02-16,235-461-3933,8382389123,omaciocia21@tmall.com,185
38804LVKL,Janis Heakey,F,1978-05-13,577-801-0416,,,187
85393JJBI,Zena Peeter,F,1998-11-23,350-351-0961,7259501690,zpeeter23@huffingtonpost.com,188
71718MGNI,Corry Stanlake,F,1996-07-01,926-875-3880,4204032813,cstanlake24@sun.com,191
34273SJIT,Verge De la Yglesias,M,1978-10-20,211-329-8960,,,193
44609WILJ,Twila Storry,F,1959-06-07,179-910-2526,,,195
14816AYBJ,Tiena Ecclestone,F,1945-09-30,681-181-3947,9757025999,tecclestone27@infoseek.co.jp,200
57531HHOE,Margette Clawson,F,1957-11-09,291-222-9537,6706999152,mclawson28@weebly.com,205
46639TZPG,Jory Tittletross,M,1945-07-05,786-479-2344,5789123876,jtittletross29@addthis.com,206
62745BDVN,Jacinda Fassan,F,1995-06-01,217-788-7970,,,208
43212TDKJ,Swen Monckton,M,1953-12-30,358-939-1773,4894844912,smonckton2b@wp.com,209
78690BVFL,Trace Hegden,M,1986-09-16,557-902-8348,5023498608,thegden2c@amazon.com,212
73157LIPH,Devland Legging,M,1992-01-09,802-320-2226,,,213
89695FAMD,Gabie Ardley,M,1993-11-08,452-854-3135,2512196008,gardley2e@blogs.com,218
36136GDUV,Tanney Bakesef,M,1990-02-06,490-834-5745,9272018311,tbakesef2f@cnet.com,222
90636SXTS,Mart Reeman,M,1970-10-05,937-492-6217,6972682777,mreeman2g@soundcloud.com,223
76606GSJC,Cheston Pavett,M,1979-05-27,365-228-2910,2781415965,cpavett2h@ca.gov,224
01659YYEU,Bambi Whalebelly,F,1963-11-22,885-104-1098,8553772098,bwhalebelly2i@mapquest.com,225
54048BMBC,Saree McKaile,F,1965-02-14,797-237-5827,7059930029,smckaile2j@state.gov,227
04597IGNA,Cherilyn Kneeshaw,F,1946-06-25,194-993-1307,5134723047,ckneeshaw2k@wordpress.com,229
49638CIFF,Jinny Labbey,F,1968-01-05,442-715-7206,9646470918,jlabbey2l@wikipedia.org,232
54653TVUV,Raeann Collister,F,1992-08-03,494-319-4698,5229832062,rcollister2m@pinterest.com,233
00568MWGV,Nealy Ticic,M,1961-07-29,700-712-4673,7547992234,nticic2n@google.com.au,235
77098AYAB,Cherilynn Pashbee,F,1983-02-11,945-591-5705,2507287009,cpashbee2o@bravesites.com,236
42013QHIR,Renate Carlow,F,1947-12-20,678-764-9953,1266074814,rcarlow2p@businesswire.com,239
68428OEFB,Field Adey,M,1987-08-28,389-862-5558,5182085271,fadey2q@artisteer.com,240
44762FKVQ,August Cossom,M,1974-04-09,339-867-9374,6045460104,acossom2r@technorati.com,242
43426DRZZ,Wilfred Minor,M,1981-06-08,810-244-8458,1976996335,wminor2s@cbc.ca,245
60328SAPA,Natale McCray,M,1978-06-18,253-351-5108,8231505866,nmccray2t@histats.com,246
39381PFJJ,Miguel Jouanot,M,1948-04-10,519-790-6607,3909956791,mjouanot2u@archive.org,247
79723EUNH,Pincas Eastlake,M,1953-01-17,473-861-1212,,,250
84374PPKA,Carmine Wylder,M,1967-08-26,999-638-7383,2514866747,cwylder2w@cam.ac.uk,252
49803AKGC,Glenine Adamovicz,F,1960-04-01,465-773-2942,6307218758,gadamovicz2x@apache.org,255
41202VRAI,Marysa Ferrillio,F,1956-05-06,123-735-1540,9498872782,mferrillio2y@csmonitor.com,261
19717MIGS,Aurea Treves,F,1957-10-14,761-702-1492,,,262
82477VGEO,Sigmund Escalero,M,1995-03-11,306-253-5442,9202384865,sescalero30@uiuc.edu,263
58217LNYS,Johna Perutto,F,1990-11-24,714-774-8481,,,264
09733UOWD,Berte Kinkade,F,1994-07-27,546-890-0324,9403167290,bkinkade32@bbb.org,265
32776URIO,Lisle Sly,M,1955-10-07,642-583-9620,7676480531,lsly33@huffingtonpost.com,266
76566VEGI,Aveline Wartnaby,F,2000-05-11,654-521-4601,9253397542,awartnaby34@soundcloud.com,267
13891NOSE,Jacquelyn Wheowall,F,1968-05-30,482-213-1556,,,268
67654IKZR,Adriano Sparkwell,M,1960-11-05,991-348-6227,9392467550,asparkwell36@g.co,270
57422FUFB,Ardath Ilyinykh,F,1988-01-17,665-224-6348,8551341631,ailyinykh37@sitemeter.com,275
07986OOYY,Saudra Kiltie,F,1997-07-26,276-964-1748,4588442688,skiltie38@networkadvertising.org,276
84630GIWW,Rosalind Billham,F,1981-01-10,333-841-1086,1079269418,rbillham39@tmall.com,277
81487OAVI,Ivar Fairall,M,1955-03-09,499-876-8499,3079961158,ifairall3a@shutterfly.com,280
05913SDIU,Blanca Ridgley,F,1956-10-24,238-366-5560,7149203690,bridgley3b@earthlink.net,281
77999UXSR,Cookie Candie,F,1949-10-15,211-730-3514,1432402900,ccandie3c@ocn.ne.jp,282
45464WSJG,Coralyn Brummitt,F,1948-10-17,291-211-5341,6152650265,cbrummitt3d@dmoz.org,287
14772ZJQH,Alexi Eastop,F,1986-10-31,823-412-2982,7026877063,aeastop3e@rediff.com,289
17337TFTU,Skylar Woofinden,M,1979-04-08,281-161-6650,4121366925,swoofinden3f@ustream.tv,292
62283VGAV,Kellie Cornfoot,F,1971-01-20,725-329-7409,3971697960,kcornfoot3g@google.pl,293
50789WSEV,Travers Ansill,M,1998-02-09,123-615-9351,6948081115,tansill3h@time.com,2
14404DRGA,Carly Merill,F,1980-01-25,319-257-4320,,,10
98911THJQ,Ronnie Shitliffe,M,1958-10-12,808-106-3994,5713487677,rshitliffe3j@stumbleupon.com,11
22176FNDT,Reinold Brockwell,M,1945-09-03,360-611-4941,6697238393,rbrockwell3k@4shared.com,13
79596YHKE,Junia Fearneley,F,1956-09-04,300-195-1608,,,17
35138FFHY,Priscilla Buten,F,1985-08-28,726-672-4118,4177199439,pbuten3m@java.com,18
92891DPPY,Coreen Adiscot,F,1996-06-05,847-597-6989,6215414180,cadiscot3n@about.me,19
51118DLYY,Danie Chessun,M,1982-04-29,232-359-2331,9529794174,dchessun3o@1688.com,24
89526MVNF,Tallie Bellenie,M,1950-03-28,441-976-6165,7146671353,tbellenie3p@mapquest.com,25
80341OYHN,Florrie Muncer,F,1957-03-28,834-152-3697,4332512521,fmuncer3q@devhub.com,32
91124PCFZ,Evangelia Cockshutt,F,1996-01-19,221-655-7914,2862045098,ecockshutt3r@salon.com,36
51682FSWG,Rockey Danhel,M,1958-09-05,194-669-7647,6089234415,rdanhel3s@devhub.com,38
36255KUID,Coralie Gonnel,F,1964-09-30,773-384-4077,,,45
91343ITWF,Bentley Cozzi,M,1990-02-07,630-625-1693,1484404330,bcozzi3u@abc.net.au,53
82119ZXLO,Phillip Barnett,M,1990-11-02,278-272-6004,,,54
13859MSJF,Wainwright Regus,M,1952-04-19,805-466-0384,8914061975,wregus3w@mapy.cz,57
73860ZFXZ,Moritz Medland,M,1977-07-04,825-322-0131,5454974790,mmedland3x@comsenz.com,58
85721RGLG,Olivero Napoli,M,1959-03-05,216-919-0722,9874080163,onapoli3y@skype.com,61
00822FKFK,Jerome Pownall,M,1953-10-24,291-127-0655,4762105818,jpownall3z@shinystat.com,64
34307LQXI,Talbert Kenaway,M,1957-03-15,109-467-7818,7186547353,tkenaway40@narod.ru,65
62816IIBX,Angie Skudder,M,1989-10-14,342-589-8736,6134075806,askudder41@npr.org,67
41784LILU,Ronalda Verdy,F,1952-11-12,330-829-7641,,,68
56369HXEP,Trixy Garmanson,F,1977-12-21,516-722-6284,,,70
31447GNHE,Giavani Antoszczyk,M,1947-02-02,838-273-1857,2516566884,gantoszczyk44@360.cn,71
42269XXOE,Selig Wren,M,1992-10-24,679-620-4237,,,73
00498FQFV,Johny Dimbylow,M,1983-09-20,565-172-1214,7096810517,jdimbylow46@bbc.co.uk,80
88254BLBN,Angelina Bridgen,F,1987-08-24,119-250-1440,9427580655,abridgen47@princeton.edu,81
87910RZWT,Lemmy Horlock,M,2002-01-28,666-995-1994,4028880484,lhorlock48@1und1.de,82
62057CFRB,Sabra Purton,F,1971-01-25,439-898-3953,8527893121,spurton49@yandex.ru,85
71982XHRY,Bren Westberg,F,1958-05-20,824-881-9800,2037340953,bwestberg4a@webs.com,86
98657ZERQ,Roley Mcasparan,M,2003-03-31,289-951-0573,3459256883,rmcasparan4b@indiatimes.com,88
52058LYKU,Berkley Wimmer,M,1976-01-10,892-654-1510,2449823127,bwimmer4c@facebook.com,92
06976BQRC,Albert Tremouille,M,1977-12-12,873-675-3754,5066180401,atremouille4d@indiatimes.com,95
54940GODH,Dona Kop,F,1951-09-16,368-141-4185,6366494065,dkop4e@msu.edu,96
54589MPFN,Pamela MacGill,F,1954-12-21,842-658-1629,1369396784,pmacgill4f@archive.org,97
78883ARZJ,Mommy Tizard,F,1952-02-05,630-878-6532,2083440650,mtizard4g@theatlantic.com,99
77363CFCP,Pamella Ablitt,F,1947-03-13,968-583-3720,5873131419,pablitt4h@nsw.gov.au,105
99370FKWO,Vincenty Gudgion,M,1998-12-30,625-521-2070,4171168533,vgudgion4i@clickbank.net,108
49028DURP,Major Gabbetis,M,1982-05-25,515-776-7652,4106835950,mgabbetis4j@bloglines.com,110
84292DHIB,Lind Harmson,F,1986-03-10,420-931-4488,8482744316,lharmson4k@thetimes.co.uk,113
79571JNBX,Cecil Kubanek,M,1971-02-20,537-955-5001,6303197111,ckubanek4l@ucoz.com,120
60764GEVW,Lyndel Shovlar,F,1985-09-27,848-712-9219,,,121
77097DUZP,Beverly Delacoste,F,1963-11-03,839-153-3175,4022686175,bdelacoste4n@google.ca,124
17239JEWQ,Keslie Hardaker,F,1994-01-02,912-122-3536,,,125
63331UQLD,Joy Cumine,F,1955-06-09,976-364-0632,1743918141,jcumine4p@youtu.be,127
70298ZUZH,Nola Lummis,F,1958-10-31,801-306-4238,9046000690,nlummis4q@berkeley.edu,132
54925RJRY,Eziechiele Shireff,M,1979-09-16,223-169-2488,3392283659,eshireff4r@yellowbook.com,134
77235BUOB,Lorelle Moyne,F,1957-10-13,650-137-7947,7802488335,lmoyne4s@furl.net,140
31128EHQZ,Janenna O' Molan,F,1949-04-22,658-592-1187,1764130542,jo4t@bloomberg.com,141
12458QKFX,Rickie Cheney,M,2002-11-24,111-247-7724,9444075302,rcheney4u@quantcast.com,143
98849FHWR,Louisa Barrie,F,1971-03-19,123-758-4688,3523849010,lbarrie4v@archive.org,145
94444SGVC,Des Philippault,M,1968-08-10,360-819-3724,,,146
48645NFGV,Pip Barlee,M,1953-04-28,673-131-5333,3286320035,pbarlee4x@bing.com,148
23754LFSH,Seamus Hurrion,M,1959-02-02,561-575-7237,3537564567,shurrion4y@weibo.com,149
91456OASB,Koren Broader,F,1971-12-28,731-375-2222,1694025798,kbroader4z@delicious.com,150
04940PMMY,Vern Salmoni,M,1946-10-03,910-733-5481,7631531816,vsalmoni50@amazonaws.com,151
79875HUWC,Shannan Dimelow,M,1972-09-09,508-573-4914,,,152
16276AZBH,Muffin Georgius,M,1992-10-22,828-225-7040,1915658525,mgeorgius52@fotki.com,155
55103ZPSB,Gertie Meritt,F,1969-04-25,246-772-4842,5877225982,gmeritt53@zdnet.com,156
30848FGKT,Glenn Longhorne,M,1997-03-08,834-853-4862,5492529667,glonghorne54@nationalgeographic.com,161
12655ULTD,Alexis Gorler,F,1999-03-07,169-654-2556,4464490216,agorler55@tripod.com,163
85599NPEB,Laurette Hullett,F,1993-08-12,321-162-0929,6946562342,lhullett56@weibo.com,166
18019RBDW,Irv Lacotte,M,1991-12-26,908-991-3725,8173688683,ilacotte57@harvard.edu,167
83284DBLF,Octavius Loomis,M,1979-02-23,188-665-4864,1103908131,oloomis58@phpbb.com,169
22164JXUR,Maxim Maggiore,M,1982-10-22,415-771-9957,,,173
09100UMKS,Lorianna Lambeth,F,1957-10-05,916-771-7829,6898155627,llambeth5a@miitbeian.gov.cn,175
22519SNXK,Tremaine Godbold,M,2000-06-24,772-249-0391,6619748992,tgodbold5b@paginegialle.it,178
72610MBZX,Krissy Larvor,F,1954-10-18,145-829-0531,5812025453,klarvor5c@sciencedirect.com,181
10769ALVE,Valma Thornhill,F,1969-05-27,857-135-8481,4346472222,vthornhill5d@msn.com,188
72032EAOV,Ethelred MacGinney,M,1980-01-10,455-760-7313,8358365291,emacginney5e@canalblog.com,189
82191YHWV,Albina Morais,F,1981-06-23,349-828-1540,9587942407,amorais5f@cdc.gov,190
86956MEKE,Sayres Luscombe,M,1949-09-08,277-296-3918,,,192
55229VVKR,Melosa Pryce,F,1953-12-19,139-207-4078,3819720736,mpryce5h@hud.gov,193
43512YVLG,Noellyn Denty,F,1981-09-16,114-205-6451,2085136348,ndenty5i@mysql.com,197
55120LCLY,Byrom Manifold,M,1966-04-26,650-668-6763,3533883616,bmanifold5j@ted.com,199
42627LHYL,Joye Jaime,F,1976-01-20,229-433-9590,,,200
64522VYKP,Consuela McIan,F,1985-07-23,583-214-8375,9626178408,cmcian5l@jugem.jp,202
32305VJIF,Cherida MacKissack,F,1988-08-23,987-429-5702,5631312288,cmackissack5m@house.gov,203
93887GIPN,Beilul Attwoul,F,1959-06-12,932-577-3143,6632073970,battwoul5n@slideshare.net,205
43473HAYP,Shurlock Linstead,M,1956-08-30,965-777-7803,9073377845,slinstead5o@discuz.net,206
36154QQBW,Warner Kilbee,M,1988-08-29,835-211-9964,5835581271,wkilbee5p@squarespace.com,207
57734LGNA,Arron Dallicoat,M,1951-07-06,620-544-7283,2951639865,adallicoat5q@cpanel.net,208
36239MGOR,Belva Dovermann,F,1993-10-03,930-538-6860,1343041917,bdovermann5r@sohu.com,210
88392OUWV,Valerye Gueny,F,1953-02-09,798-407-1136,2662952352,vgueny5s@lulu.com,212
98043QMRH,Agosto Leitche,M,1954-03-19,630-834-7122,7214399901,aleitche5t@etsy.com,216
21429UKNW,Cherin Shrieves,F,1963-02-02,381-563-5362,4787431788,cshrieves5u@reverbnation.com,224
01087MZWC,Claudell Geockle,M,1977-06-19,591-330-5704,8976718323,cgeockle5v@joomla.org,225
77959SEHI,Demott Overel,M,1989-05-10,502-663-3647,7554572996,doverel5w@washingtonpost.com,226
20818UVVJ,Audrie de Banke,F,1961-12-05,178-933-3326,8247738477,ade5x@ucoz.com,229
87603OGLK,Bruis Trythall,M,1979-10-15,208-904-5173,1776070112,btrythall5y@google.fr,230
22900FXDM,Lotty Bygraves,F,1979-05-05,698-428-1717,6289839165,lbygraves5z@linkedin.com,231
47778WZVI,Gaylene Boxill,F,2000-12-22,561-571-1181,1904267829,gboxill60@house.gov,233
46015XQAX,Georges Franzetti,M,1950-12-17,661-144-5805,3873973541,gfranzetti61@newsvine.com,239
05056UNSA,Lacie Budleigh,F,1964-04-20,863-594-5160,3947863648,lbudleigh62@livejournal.com,240
10471PBQI,Riccardo Atcock,M,1968-09-29,255-186-6775,4619541077,ratcock63@spotify.com,242
48452PJNW,Giovanna Armatidge,F,1968-04-20,604-712-8860,5738075263,garmatidge64@jugem.jp,248
18388XKVN,Robinett Sneddon,F,1992-12-29,630-811-0906,6364555202,rsneddon65@wix.com,251
65496JTJS,David Eastope,M,1969-07-21,769-423-4015,1755338482,deastope66@desdev.cn,255
83914QDAV,Peggie Manklow,F,1999-03-16,205-529-1830,2905928841,pmanklow67@merriam-webster.com,259
15154ZGCE,Sly Paulillo,M,1965-06-15,257-336-6654,2562623041,spaulillo68@discovery.com,260
21171ASDE,Chrissie Manuello,F,1996-11-20,419-587-2591,8573565055,cmanuello69@sitemeter.com,274
29518NYSP,Horatio Timmins,M,1967-03-02,734-882-9222,7912751019,htimmins6a@dmoz.org,275
67176RPBA,Cecilius Crix,M,1967-04-15,839-735-6487,1911643468,ccrix6b@google.ca,279
59905KSHU,Sheilah Willgrass,F,1984-09-07,123-429-3191,7147099296,swillgrass6c@linkedin.com,283
37698CHVT,Weider Artiss,M,1997-10-20,368-661-6828,6523200331,wartiss6d@abc.net.au,286
10196JLKV,Lona Hedlestone,F,1957-03-04,234-863-4399,9176237986,lhedlestone6e@cnbc.com,290
06282MHGC,Renault Jeskins,M,1992-12-03,839-130-2126,3345657759,rjeskins6f@fc2.com,292
70056ATSQ,Tani Hassur,F,1957-10-01,587-634-7018,7796052317,thassur6g@craigslist.org,298
17108GILE,Adan Sallows,F,1986-04-03,519-406-3439,,,301
21858YONA,Marin Spyby,F,1960-01-13,402-752-1043,4917389946,mspyby6i@skyrock.com,302
55484EYRU,Wilek Simmings,M,1980-03-14,775-580-4758,5672756365,wsimmings6j@ucoz.com,304
31022IRDF,Winfred Cocke,M,1947-07-21,769-615-8908,,,308
67284EJED,Brantley Nuccii,M,1995-08-28,966-406-6672,1324051239,bnuccii6l@drupal.org,310
80917GKVX,Eloise Cafe,F,1991-04-28,467-984-0354,,,311
59500UIIQ,Hyacinthe Hanson,F,2000-01-18,166-822-2818,2329089642,hhanson6n@toplist.cz,315
05941YUVA,Tamiko Gratton,F,1956-08-05,179-924-3462,6797149623,tgratton6o@fema.gov,316
59509DURL,Tybalt Pitman,M,1960-03-26,671-194-5606,3268787849,tpitman6p@paypal.com,318
95771UVPS,Nita Evesque,F,2002-01-15,686-432-1961,8744972646,nevesque6q@irs.gov,319
58699UWMV,Madalyn Salsbury,F,1958-12-28,784-536-8161,,,324
32971HUPL,Clayson Klimkiewich,M,1959-01-11,697-307-1865,6392044172,cklimkiewich6s@nps.gov,325
58175VDBX,Maurits Seebright,M,1966-06-27,858-530-1443,1783105426,mseebright6t@dagondesign.com,326
19266KLPA,Aksel Rozzier,M,1951-04-03,546-435-1904,,,327
36981SZFS,Bellanca Boatwright,F,1981-03-06,440-298-9341,8631118335,bboatwright6v@hugedomains.com,331
84721EHSZ,Paddy Tersay,M,1992-01-17,849-970-0850,4798042098,ptersay6w@about.com,334
80628UDTO,Esmeralda Bonny,F,1982-11-21,202-932-1549,5287737707,ebonny6x@surveymonkey.com,342
82923NARG,Maxie Segebrecht,F,1998-01-15,814-239-8032,,,9
35898FCNM,Marion Djurdjevic,M,1964-05-10,577-715-4919,9913251428,mdjurdjevic6z@princeton.edu,10
19355NNLF,Cam Glackin,F,1964-06-07,706-849-6574,1461975717,cglackin70@marketwatch.com,11
33563HAHM,Lucian Marklew,M,1957-09-12,514-401-9612,1397018094,lmarklew71@usa.gov,12
21364FPLG,Hal McLeish,M,1946-12-10,641-969-5446,8481812917,hmcleish72@webmd.com,13
83600WKWC,Parrnell Etock,M,1989-03-15,634-675-5929,6481101739,petock73@odnoklassniki.ru,14
11764FIVH,Nicola Blannin,M,1986-01-29,573-395-9244,3602450931,nblannin74@oaic.gov.au,19
61708LDCY,Elton Couronne,M,1958-06-15,303-608-4872,9741975531,ecouronne75@patch.com,20
61817FIKY,Obediah Lumpkin,M,2000-12-03,641-800-6464,2702975865,olumpkin76@ask.com,23
93974BAZZ,Shermie Benedick,M,1962-03-13,596-291-6971,6571716680,sbenedick77@g.co,24
73397VCQJ,Orbadiah Androck,M,1958-10-26,940-217-3949,2314397389,oandrock78@drupal.org,25
71165ADJK,Marybelle Matteuzzi,F,1975-09-13,336-999-7005,5558955936,mmatteuzzi79@blog.com,28
61961BNWO,Ekaterina Brownsill,F,1983-09-22,572-896-4291,7259983172,ebrownsill7a@zimbio.com,36
79506QNVR,Massimo Pfeiffer,M,1949-08-02,240-994-1586,9343371785,mpfeiffer7b@google.pl,38
70982PIUM,Luciana Lambie,F,1967-03-16,496-711-5268,7728518330,llambie7c@wp.com,39
21241CENG,Seumas Meale,M,1979-02-14,977-627-1610,,,40
17136ELGN,Benni Skerme,F,1997-04-07,566-154-2122,1517337314,bskerme7e@alexa.com,45
63785XOAR,Alonso Tommen,M,1993-03-22,778-307-6707,1281193095,atommen7f@webmd.com,48
60305DOQS,Roxy McGaughie,F,2002-12-06,368-827-7900,3375271331,rmcgaughie7g@aboutads.info,50
57042LJVM,Demetris Trowbridge,M,1955-10-04,109-329-4865,5604134266,dtrowbridge7h@webmd.com,51
39505HHYG,Hildy Mizzen,F,1989-08-31,117-610-8852,7508975448,hmizzen7i@nhs.uk,52
46386XMYL,Anatollo Pardon,M,1986-04-17,449-250-0558,,,56
99566JOFM,Wallas Mouat,M,1994-12-31,658-548-9279,3092789819,wmouat7k@over-blog.com,58
78232DVOC,Lexy Matevushev,F,1986-01-25,628-533-0253,7374076384,lmatevushev7l@barnesandnoble.com,59
63920BTFS,Adelina Donovin,F,1963-03-04,315-361-9840,8634019147,adonovin7m@soup.io,61
22979ZPMU,Anestassia Scrauniage,F,1947-05-04,865-232-8729,2712328982,ascrauniage7n@go.com,62
45963BTGS,Myranda Shyre,F,1980-01-05,863-593-8351,,,67
91031YVBD,Salome Birkenhead,F,1988-05-29,919-336-4006,5346660801,sbirkenhead7p@pinterest.com,73
76743DMGG,Lilia Mackiewicz,F,1947-05-10,278-746-2272,8626672858,lmackiewicz7q@unicef.org,74
79531SQST,Donnie De Paoli,F,1961-09-12,215-885-8183,6606255178,dde7r@infoseek.co.jp,75
94914KLGC,Nicolea Creffeild,F,1957-10-20,691-324-0608,7761278200,ncreffeild7s@icq.com,76
74014HHPE,Marieann Mosson,F,1977-03-08,863-630-1713,,,78
33111FIVL,Kermit Sheards,M,1968-11-06,836-592-1789,9792092035,ksheards7u@sbwire.com,79
85805GHFL,Carroll McKeever,M,1981-06-10,851-537-0130,7918619659,cmckeever7v@discovery.com,81
72654HUSA,Daryle Rafe,M,1948-05-28,746-638-5043,3198844760,drafe7w@linkedin.com,83
27025MYJS,Antonie Dyhouse,F,1951-09-03,341-272-0864,9414312068,adyhouse7x@phpbb.com,87
40695OWQR,Sholom McGrill,M,1945-11-16,517-825-6173,8143993451,smcgrill7y@foxnews.com,93
79893GQEE,Curtice Easun,M,1956-07-28,504-398-4198,9142665859,ceasun7z@pbs.org,95
78225BDOQ,Brad Mellodey,M,1991-10-28,753-261-9077,9481949145,bmellodey80@cam.ac.uk,96
75753QQCE,Felix Straneo,M,1999-03-29,751-869-8684,6029632270,fstraneo81@narod.ru,97
49941YHBD,Gaby Rayner,F,1989-10-28,655-467-0696,1468325667,grayner82@wired.com,100
35764FOIB,Jeremias O'Sheerin,M,1992-07-21,991-432-2913,5086807114,josheerin83@yellowbook.com,101
22761GKIH,Owen McCosh,M,1973-08-16,987-447-6669,5341840464,omccosh84@domainmarket.com,108
19131ZQOE,Eydie Probet,F,1980-04-23,607-978-9104,7488329001,eprobet85@diigo.com,109
70413RVBO,Marybeth Negro,F,1978-06-27,293-260-2240,3053662394,mnegro86@smh.com.au,111
53911OCJM,Harry Spendley,M,1989-08-23,636-359-6328,,,114
62475MAXH,Kassey Barclay,F,1959-07-04,922-357-3350,2986818266,kbarclay88@msu.edu,115
49482IBZH,Maryanne Dowdall,F,1959-07-12,623-678-5947,7473138700,mdowdall89@over-blog.com,117
98217TVPW,Sargent Simoncello,M,1990-10-20,868-784-8520,,,118
27947XAKE,Brynn Drinnan,F,1983-09-09,419-940-9925,8072207182,bdrinnan8b@cpanel.net,119
07678YBBR,Hodge Haglington,M,1970-04-15,136-933-2502,6498164320,hhaglington8c@yelp.com,120
13604VPXT,Edd McAlpine,M,1981-04-14,808-344-4511,3198063726,emcalpine8d@blogspot.com,121
83780RTBV,Ugo Mellor,M,1952-04-17,202-333-3182,2406920918,umellor8e@delicious.com,124
91946CVVN,Vasili Hawkswood,M,1990-10-20,149-186-7471,9119918840,vhawkswood8f@delicious.com,127
86195RUXM,Bowie Manifould,M,1969-05-05,638-350-5347,4659756833,bmanifould8g@nationalgeographic.com,128
38502VNJP,Rice McOwan,M,1961-02-26,875-543-1963,4135231401,rmcowan8h@pinterest.com,130
73298ITQO,Rutledge Raeside,M,2000-09-23,306-525-5524,9871482648,rraeside8i@vk.com,139
42118POCR,Maximilianus McDougald,M,1970-08-13,376-454-9785,7459532889,mmcdougald8j@artisteer.com,143
14386YXAV,Veronika Mullan,F,1999-01-07,907-534-1476,,,146
59784RNYP,Cornelia Leif,F,1962-08-11,891-450-0708,7482375086,cleif8l@e-recht24.de,150
79150WKYZ,Renie Twort,F,1976-12-04,652-530-5782,7812198517,rtwort8m@constantcontact.com,151
77966JEXX,Zebadiah Althrope,M,1955-05-23,710-317-7329,1841537966,zalthrope8n@narod.ru,158
01892JAZK,Roy Tesche,M,1996-03-06,399-517-8448,3874480830,rtesche8o@mapy.cz,163
64642EJWA,Rozanne Pittoli,F,1960-12-02,644-366-9012,6566103667,rpittoli8p@nasa.gov,167
61686XOZR,Helaine Ascrofte,F,1972-06-27,921-669-2092,8451943127,hascrofte8q@twitter.com,169
08379QHHT,Josee Henken,F,1959-03-03,857-251-2427,8138367458,jhenken8r@icq.com,172
37189JWSC,Uriah Wehden,M,1984-05-12,845-776-5510,4098965848,uwehden8s@geocities.jp,174
06045QDAB,Kent Siehard,M,1955-02-15,440-909-5665,6135768821,ksiehard8t@bizjournals.com,176
22013BSGT,Wake Towriss,M,1963-01-23,194-887-2123,,,177
16533LUQD,Kaspar Winstone,M,1968-06-01,483-190-7366,,,178
72000REJR,Vlad Perl,M,1994-01-03,552-936-0208,8133703077,vperl8w@macromedia.com,179
41342DTQK,Flor Morbey,F,1989-01-24,298-957-8900,2442244482,fmorbey8x@goo.ne.jp,183
48995ZQLU,Shoshanna Hadkins,F,1969-11-12,420-160-3106,1245044814,shadkins8y@privacy.gov.au,184
27906MKXX,Peadar Benoiton,M,1968-08-28,546-296-0403,5776762700,pbenoiton8z@amazonaws.com,186
79909AJWD,Agnese Tomas,F,1962-01-22,922-584-1949,7099497794,atomas90@phpbb.com,187
24382ZEWD,Wenda Oxbury,F,1983-04-04,990-923-4349,6588814270,woxbury91@earthlink.net,191
89297YLLV,Leonore Edrich,F,1969-03-27,521-872-3432,4404899896,ledrich92@deliciousdays.com,192
73119SFAZ,Ritchie McCallum,M,2002-04-05,136-280-3985,9124841247,rmccallum93@psu.edu,198
41769PMVP,Deane Brick,F,1957-01-17,689-742-5160,9624962323,dbrick94@buzzfeed.com,199
71963UHFJ,Allayne Simonnin,M,1958-07-27,160-817-0350,6757445985,asimonnin95@theglobeandmail.com,203
98938KVEI,Humfrey Pyser,M,1946-02-15,220-835-6523,4106523228,hpyser96@whitehouse.gov,204
86417VRYN,Finlay Risbridge,M,1977-01-21,640-210-5658,4959160631,frisbridge97@imdb.com,205
92182ENKE,Marietta Wakerley,F,1972-12-22,509-605-7085,2482750644,mwakerley98@bloomberg.com,210
33295ENRL,Friedrich Rogeon,M,1959-11-16,575-345-0242,1721342285,frogeon99@istockphoto.com,211
36152KTBO,Cosetta Lilley,F,2002-01-04,298-780-6395,6634565342,clilley9a@harvard.edu,215
93970GSUK,Kaspar Northey,M,1965-03-12,684-269-4939,6784205207,knorthey9b@barnesandnoble.com,216
67785BHOR,Duff Pope,M,1963-06-15,143-915-0907,8289749454,dpope9c@wp.com,217
71356WULP,Jordan Schubuser,F,1961-03-01,264-786-6734,4152209028,jschubuser9d@networkadvertising.org,220
80933IALO,Ermentrude Etheridge,F,1978-12-31,542-696-5239,1416259605,eetheridge9e@wordpress.com,221
87693PSWS,Oriana O'Cullinane,F,1954-03-31,295-865-8479,7136679169,oocullinane9f@microsoft.com,222
24249VLWZ,Shaine Battell,M,1990-04-13,120-144-3471,,,223
21183BRWB,Nerte Balf,F,1954-01-26,143-586-5261,,,225
64059ERGP,Zahara Ianelli,F,1979-12-20,984-472-1286,3898773298,zianelli9i@mail.ru,230
92458NOHK,Caz Seagrove,M,1970-06-22,448-535-5265,8617796360,cseagrove9j@weebly.com,235
12223ODGO,Gretchen Hayhow,F,1959-04-23,979-606-3799,6932724193,ghayhow9k@independent.co.uk,238
31109UHKG,Gerty Trengove,F,2002-02-02,620-717-0847,9263297958,gtrengove9l@howstuffworks.com,239
83476KYQB,Josiah Kernley,M,1981-01-18,131-762-4708,3081748655,jkernley9m@gmpg.org,243
51254FNBB,Ingaberg Currom,F,1950-01-29,876-225-1507,7548554970,icurrom9n@forbes.com,244
49267ZSPV,Nigel Dent,M,1964-11-08,319-687-7633,1937350124,ndent9o@europa.eu,246
74068RRSR,Hillard Kenrick,M,1982-02-05,928-143-8627,9934603103,hkenrick9p@myspace.com,247
16165MRZT,Orsola Bearblock,F,1967-05-06,747-729-8763,2784632714,obearblock9q@cam.ac.uk,248
38571QUXX,Florina Stowgill,F,1948-05-02,919-627-8660,,,250
10794BXVF,Ines Dunnaway,F,1954-10-28,380-168-6167,7117816664,idunnaway9s@unc.edu,254
92090YNZN,Tamma Pauli,F,1953-06-22,491-542-9268,9651991629,tpauli9t@wikipedia.org,257
17258LZCK,Gustavo Barzen,M,1974-04-21,271-118-5213,6135951884,gbarzen9u@constantcontact.com,258
58562BCOI,Ginevra Stratten,F,1985-06-16,778-738-3218,5593410124,gstratten9v@microsoft.com,260
62064BFRI,Trude Mulran,F,1963-03-21,226-258-8163,1359713113,tmulran9w@free.fr,261
74971HQPL,Casey Bondley,F,1946-03-20,954-280-9856,7227708444,cbondley9x@de.vu,262
35152GBUG,Dar Kolyagin,M,1971-01-29,973-468-0944,1418166180,dkolyagin9y@edublogs.org,265
35294BLLH,Somerset Brimilcome,M,1950-10-15,755-211-3477,5238731229,sbrimilcome9z@ustream.tv,266
49378BCDG,Hermine Dauber,F,1949-03-07,273-302-3234,,,268
28192MGKN,Charlotte Finnes,F,1951-09-28,980-756-1425,1989048081,cfinnesa1@chicagotribune.com,269
36381ZRWX,Fernando Kohrsen,M,1979-12-03,709-757-9758,8411896077,fkohrsena2@bravesites.com,271
54862DTGW,Lin Fryd,F,2002-10-13,134-562-4798,1344388575,lfryda3@symantec.com,274
90979DFAD,Noah Boeter,M,2000-05-18,199-229-2892,1291580900,nboetera4@tumblr.com,277
75912KMYK,Florina Willock,F,1996-05-20,344-266-9308,6752798511,fwillocka5@shop-pro.jp,279
71087GAZM,Belle Tuxill,F,1990-10-04,392-364-0278,,,280
14909MPTF,Adeline Couch,F,1974-09-05,137-765-1782,9543697538,acoucha7@zdnet.com,281
31838UIJX,Jodee Danaher,F,1975-03-29,823-372-9769,,,283
76729GHEA,Gert Eliassen,F,1990-07-22,831-492-5460,1369736921,geliassena9@walmart.com,285
13328VDUR,Shantee Broyd,F,1996-05-05,928-529-6821,6521781348,sbroydaa@fastcompany.com,286
69603OJCH,Jody Littlechild,M,1957-12-15,820-455-8247,4702871459,jlittlechildab@nifty.com,289
35856WLHI,Dannye Sonley,F,1968-06-13,552-345-3832,,,295
92242MDAM,Jake Wickliffe,M,1994-01-31,153-153-2210,9105369352,jwickliffead@nasa.gov,298
04267MABB,Brennan Shewon,M,1970-04-12,439-983-3006,1992711136,bshewonae@surveymonkey.com,299
68393IDDG,Killy Colquite,M,1963-07-06,394-489-6310,6894768424,kcolquiteaf@nymag.com,3
92617THVH,Stephie Galer,F,1962-09-28,160-277-8147,8259243493,sgalerag@earthlink.net,4
67166SXFG,Richmond Lis,M,1972-05-19,636-820-0795,,,8
77877GJPT,Brant Wimms,M,1988-11-17,112-822-1105,6918132363,bwimmsai@mayoclinic.com,10
84566SKPN,Frederico Agglio,M,2002-04-22,215-111-5775,4891696217,fagglioaj@list-manage.com,17
12052YSZJ,Sherm Symonds,M,1969-03-21,277-255-7789,5553389787,ssymondsak@domainmarket.com,19
06235KEOC,Levon Anten,M,1972-09-30,544-931-1462,4889548218,lantenal@purevolume.com,21
17852PDWG,Sarajane Marklin,F,1971-12-28,875-959-9917,,,23
75475CRWJ,Hamlen Romi,M,1988-10-21,786-575-5791,8054642032,hromian@taobao.com,26
93608LXXP,Jilly Okenden,F,1986-03-29,394-262-6503,1472272760,jokendenao@gov.uk,28
65347UUAK,Aura O'Lennachain,F,1993-12-05,375-842-4155,,,32
42016VOVT,Layne Hadden,F,1953-04-28,517-349-3060,,,37
66928NLBI,Gar Trowsdale,M,2001-11-20,592-476-6778,,,38
91317XLNV,Franz MacNamara,M,1960-11-30,293-431-9585,2555745300,fmacnamaraas@comsenz.com,39
30442BPWA,Pauli Elflain,F,1958-07-06,232-312-3143,7605818959,pelflainat@phoca.cz,40
24934JXDV,Inglebert Given,M,1990-08-05,613-397-5731,8088994648,igivenau@topsy.com,42
14097MFUI,Jan Klaessen,M,1989-11-22,662-364-3103,6465916171,jklaessenav@nature.com,43
43353CAJU,Felizio Wellen,M,1995-05-09,246-413-6306,9141373187,fwellenaw@flickr.com,44
69044OMLF,Rosamond Lattin,F,1996-03-01,318-236-6133,4732245751,rlattinax@latimes.com,47
80104MLXD,Kiel Legerwood,M,1967-02-22,898-487-5800,4665300824,klegerwooday@sun.com,49
32940QMMN,Waylen Oats,M,1967-07-17,818-407-7327,,,53
21180MLIS,Farrell Huge,M,1961-09-29,993-536-0876,4434529268,fhugeb0@mail.ru,57
24267VKCJ,Eugenie Thaw,F,1972-09-16,399-390-8062,7147444752,ethawb1@intel.com,59
42221MBQV,Norrie Castagneri,M,1979-05-01,702-703-7809,3044034351,ncastagnerib2@rambler.ru,63
11529EDOW,Willy Hallahan,M,1975-09-27,336-346-0082,9173323575,whallahanb3@51.la,64
33863WYGL,Haydon Laskey,M,1973-06-21,476-301-2893,1336369179,hlaskeyb4@oracle.com,74
08706DXVD,Augustine Endersby,M,1983-06-02,916-185-6283,,,76
65391DZQH,Gracie Martynikhin,F,1956-05-02,300-752-5551,1855709879,gmartynikhinb6@ted.com,82
60010VKYQ,Cheslie Ambrodi,F,1996-04-04,612-240-7778,3776490152,cambrodib7@hhs.gov,86
17174PBQZ,Doralynn Newson,F,1953-10-12,829-923-2610,9492191130,dnewsonb8@nifty.com,88
91903MEYF,Hamlen Pitkaithly,M,1965-05-29,785-728-5376,7041469304,hpitkaithlyb9@hostgator.com,92
60517HNHE,Stacee Iles,F,1967-07-14,812-636-5907,9715131936,silesba@hud.gov,95
89798AEKP,Concettina Duferie,F,1963-12-17,174-710-1677,5682726831,cduferiebb@tinypic.com,98
18028AOSD,Gilbertina Coneybeare,F,1971-06-14,524-407-3755,8348401453,gconeybearebc@i2i.jp,100
40415JIZG,Linzy Godber,F,1965-07-05,700-893-1628,,,103
47102IPES,Osbourne Macconachy,M,1967-04-22,795-293-6180,4051390153,omacconachybe@yellowpages.com,104
05452KZVF,Beatrix Vardie,F,1964-12-31,939-927-3123,2643918207,bvardiebf@go.com,105
59018ZBNH,Debra Barrett,F,1954-10-29,862-278-9111,3837140101,dbarrettbg@google.com.br,107
75765WBRV,Alejandrina Hawney,F,1991-08-23,531-437-1512,6313709232,ahawneybh@paginegialle.it,108
00706NKUQ,Benetta Cotty,F,1997-12-03,166-579-4354,4254550035,bcottybi@princeton.edu,110
18795TIZU,Selina Fellis,F,2002-05-16,588-144-9660,,,112
20846UOUS,Daren Despenser,M,1950-02-15,426-692-5565,4282827118,ddespenserbk@myspace.com,116
65297YJKJ,Brendon Quye,M,1970-04-09,149-966-3138,5095777014,bquyebl@photobucket.com,118
86709GXWE,Tommie Terry,M,1960-08-07,844-606-8907,3394605722,tterrybm@biblegateway.com,119
40660VFCF,Anni Etchingham,F,1971-04-11,333-499-0060,4779149054,aetchinghambn@mapquest.com,120
73786USCX,Humfrid Gulliford,M,1946-05-02,223-178-8808,3921731242,hgullifordbo@nsw.gov.au,124
32253EPSG,Durand Kinsella,M,1993-09-01,103-485-7716,5871449700,dkinsellabp@example.com,125
32754UYPU,Fay Hugnet,F,2001-11-15,580-161-1025,,,129
05509QFZD,Jasmine Schoular,F,1963-06-14,113-263-9386,5419617083,jschoularbr@comsenz.com,133
74503LFIR,Logan Oliveras,M,1997-01-01,924-743-1794,6904638829,loliverasbs@sciencedirect.com,134
50234UJJP,Dane Lembrick,M,1956-04-25,626-451-9675,5467297183,dlembrickbt@themeforest.net,137
54817SDXS,Ignacius Causer,M,1997-01-22,647-927-6368,9715196780,icauserbu@seesaa.net,142
66526NDMX,Arnoldo Mees,M,1973-03-30,875-499-1281,,,145
47432CFIU,Ekaterina MacBain,F,1955-12-31,273-449-3582,2155238408,emacbainbw@wikimedia.org,146
75625KKVR,Pavlov Goney,M,1997-09-22,837-236-7023,2836633776,pgoneybx@dailymail.co.uk,149
67909JLHM,Sayers Goldthorp,M,1972-01-22,324-835-0011,,,151
85473GDTY,Tabbitha Ludlom,F,1955-04-03,401-223-7781,,,154
39511HCTU,Kirby Gallop,F,1995-03-25,578-254-2810,2206778821,kgallopc0@163.com,155
70689ZNHG,Stewart Goadbie,M,2000-01-19,478-970-1181,1269332574,sgoadbiec1@slideshare.net,156
25514HPSV,Zerk Duggan,M,1986-02-15,787-496-1538,1157514094,zdugganc2@purevolume.com,157
14418TTXO,Grover Barrack,M,1981-08-25,974-483-6033,2343605678,gbarrackc3@chronoengine.com,162
61157TFCR,Mindy Pitone,F,1950-12-16,618-203-4351,7366611233,mpitonec4@umn.edu,163
34132MNFY,Giselbert Geddes,M,1947-04-01,210-785-4033,,,164
05849VUYI,Florence Greenman,F,1958-11-08,111-774-0868,4898046272,fgreenmanc6@nifty.com,170
98684VUGE,Marinna Thebeau,F,1989-03-23,862-556-4753,4845270366,mthebeauc7@myspace.com,171
69840JNYI,Sharona Greenall,F,1957-01-19,271-155-3727,3261877440,sgreenallc8@nature.com,172
76799FDBM,Reyna Lomasna,F,1989-06-04,938-782-0631,7265504132,rlomasnac9@edublogs.org,173
57556RHBE,Papageno Chong,M,1979-06-27,253-386-5166,9607272054,pchongca@google.co.jp,174
91537KHUN,Joey Fellgate,F,1957-05-19,252-506-8254,,,178
44973TZBB,Adrian Bartle,M,1959-01-08,649-858-3427,,,180
13284NKZQ,Gideon Whybrow,M,1957-01-25,740-474-9788,1292203479,gwhybrowcd@statcounter.com,182
80033CTYE,Marthena Golden,F,1957-07-02,318-203-3358,,,184
78321KMMD,Franklin Kik,M,1965-02-26,475-609-6595,7718617439,fkikcf@yale.edu,185
67035FYSY,Adriena Elington,F,1973-02-21,927-405-5625,8041972600,aelingtoncg@alexa.com,189
45414DCHL,Meggi Cancelier,F,1953-10-10,314-785-3178,6035360042,mcancelierch@wikispaces.com,192
81121SPUE,Antonella McGuff,F,1996-09-03,428-136-6180,1338266501,amcguffci@redcross.org,197
91586RDOZ,Ashleigh Medgewick,F,2002-09-13,120-685-8365,3521500023,amedgewickcj@psu.edu,202
90735VTFB,Karen Raw,F,1981-07-11,219-634-8870,2393292607,krawck@ft.com,206
36525JUMP,Ettie Tolman,F,1954-09-11,228-427-3704,1529365655,etolmancl@si.edu,207
43234SWYH,Darice Narraway,F,1956-10-20,773-580-8498,2224462205,dnarrawaycm@umn.edu,214
10062UZEF,Harriott Balffye,F,1946-02-01,966-764-8683,,,218
13355FUXD,Rennie Teece,F,1991-04-28,103-958-4013,,,220
35147PDQU,Tammy Towers,F,1957-01-08,177-979-1170,3953606953,ttowerscp@istockphoto.com,222
11842GRNS,Claudell Damant,M,2002-07-18,248-366-7067,,,224
71473PUDQ,Thurstan Ellcome,M,1946-10-16,790-840-5489,3159521069,tellcomecr@omniture.com,226
92913YELB,Guendolen Edmundson,F,1950-09-13,737-169-0915,9843820127,gedmundsoncs@facebook.com,227
16545VOVI,Harwilll Cromblehome,M,1946-04-12,262-468-1206,7901204282,hcromblehomect@i2i.jp,228
56332BQBY,Kirbie Speachley,F,1972-02-12,644-964-3687,9873907949,kspeachleycu@ucoz.ru,231
63748DVZQ,Boycie D'Acth,M,1980-06-24,404-911-2285,8577131027,bdacthcv@mail.ru,235
21785ILWG,Sharon McGlade,F,1967-04-24,904-512-6509,,,236
22877XGCU,Korey Branwhite,M,1954-04-24,287-714-9582,,,237
01125SOUH,Marthena McCarver,F,1968-11-19,177-107-5687,4339582785,mmccarvercy@geocities.com,239
18059QSOI,Brenn Rollins,F,1985-04-19,262-939-0025,7961819520,brollinscz@uol.com.br,241
20732GZMN,Toni Carlett,F,1988-01-17,518-823-7188,8584941565,tcarlettd0@yahoo.co.jp,242
83623BVPB,Cristobal Shout,M,1990-10-06,635-219-9128,,,244
88584SXGB,Sammy Goodbourn,F,1955-05-03,951-737-0222,3033613069,sgoodbournd2@imgur.com,247
50907BHPV,Hedwiga Joseff,F,1981-11-25,668-141-5109,,,248
97005ILMC,Korella Machen,F,1950-03-15,128-787-8579,3964487744,kmachend4@eventbrite.com,250
17733LXVO,Genvieve Danzey,F,1977-08-06,243-826-9792,7145290440,gdanzeyd5@smugmug.com,251
27807CGBG,Waite Bertenshaw,M,1987-01-30,371-285-7176,8561659746,wbertenshawd6@alexa.com,252
67495MQIL,Chelsea Duncanson,F,1975-01-06,517-270-6335,7433940775,cduncansond7@jiathis.com,254
19852JHLO,Shirley Gerald,F,1974-08-23,422-605-4918,5438105410,sgeraldd8@auda.org.au,255
15994QOWO,Bren Meeron,F,1971-11-19,188-376-0104,8888087670,bmeerond9@springer.com,261
15373BFZL,Rene McMakin,F,1993-01-06,593-724-8239,2349798861,rmcmakinda@prweb.com,262
59756GUIC,Sammy Guiden,M,1961-03-01,708-287-1807,7953904209,sguidendb@squarespace.com,263
56053UXNB,Addison Braksper,M,2001-08-18,635-297-0345,9334936089,abraksperdc@soundcloud.com,265
18965JBUY,Barbabas Darte,M,1980-12-24,776-809-8770,9539610538,bdartedd@admin.ch,266
07374MACA,Lavena Martini,F,1949-12-02,585-869-1776,9534548394,lmartinide@mlb.com,268
87246VINN,Jaimie Venturoli,M,1946-12-05,661-912-4852,7386752138,jventurolidf@privacy.gov.au,270
58552RINX,Sharl Melburg,F,2002-06-18,943-879-0511,,,271
01358ZZJA,Englebert List,M,1995-07-04,370-688-1041,,,273
53208IZFO,Boigie Lampel,M,1989-08-25,144-897-4395,2669482358,blampeldi@booking.com,274
88468YEHS,Eduino McIlvenna,M,1953-08-06,704-410-4842,6435648328,emcilvennadj@tuttocitta.it,276
23561ACGZ,Daniele Berthomier,F,1998-03-25,784-282-1945,4887613991,dberthomierdk@tumblr.com,277
61630BSFH,Bradan Moseby,M,1998-05-07,137-694-7600,3087481403,bmosebydl@phoca.cz,278
17984IZAD,Hortense Klezmski,F,1988-03-25,236-844-4372,2623508684,hklezmskidm@miibeian.gov.cn,279
06062OWPW,Teddie Saywood,M,1951-02-27,495-188-5616,6725357105,tsaywooddn@is.gd,281
77619IJAR,Robinet Baglow,F,2002-03-05,260-562-1284,3039309118,rbaglowdo@boston.com,282
04240BZAT,Melesa Hekkert,F,1981-09-07,942-962-1615,3166225886,mhekkertdp@yolasite.com,283
08040VBRE,Barby Hayselden,F,1992-03-03,361-682-5046,,,286
27815DPZN,Shepard Pyett,M,2002-01-23,632-365-2084,6117091505,spyettdr@paypal.com,289
58426RDSE,Luisa Rubi,F,1953-12-29,198-217-1123,,,292
52616VMJG,Tobin Durrans,M,1949-01-10,995-912-3098,6832076916,tdurransdt@printfriendly.com,296
30692HSAJ,Natalie Aldwick,F,1954-04-18,111-748-9590,2072370045,naldwickdu@scribd.com,298
81666WEGO,Isaiah Le Monnier,M,1976-01-14,968-725-1479,,,299
29605WYLT,Cesaro Provost,M,1950-06-30,524-755-8858,7665611000,cprovostdw@bloomberg.com,1
84711WKXD,Randie Clitherow,F,1956-06-02,982-110-3019,5041582544,rclitherowdx@shutterfly.com,2
37150JPSX,Corrie Hum,M,1988-07-19,609-269-3537,3866355859,chumdy@shareasale.com,5
34717FCAB,Billy Bigland,M,1994-11-11,455-407-2956,5042609735,bbiglanddz@pbs.org,6
12019CTEK,Ezekiel Keyser,M,1985-09-25,886-381-5155,,,7
41953OCVC,Nikita Reymers,M,1971-09-10,997-512-4872,4367226154,nreymerse1@delicious.com,11
90522YFGU,Dean Ellett,M,1958-04-08,417-725-3845,9948029567,dellette2@sfgate.com,14
54609YWHB,Giavani Duddell,M,1967-02-12,238-789-4843,5476611382,gduddelle3@friendfeed.com,19
02626VQXG,Charles McMains,M,1949-06-09,136-696-2013,1574193857,cmcmainse4@shop-pro.jp,22
16656CZKM,Celina Burkwood,F,1995-02-08,745-855-9564,4325113830,cburkwoode5@wunderground.com,25
86406BBKJ,Felice De Leek,M,1945-08-04,683-230-6825,6412208122,fdee6@surveymonkey.com,26
44197WLWG,Gav Fortnon,M,1964-03-27,626-983-7924,9281695902,gfortnone7@hud.gov,27
60543UOVL,Hester Brittian,F,1996-02-05,693-525-4935,8162462800,hbrittiane8@ucoz.com,32
98331KMKF,Chelsey Trusty,F,1988-02-01,865-741-3365,6873824904,ctrustye9@lulu.com,33
32013LLYG,Akim Perott,M,1957-12-28,624-134-0508,4078460849,aperottea@twitter.com,34
18627EFGZ,Enrica Silverston,F,1977-03-09,858-942-7630,9786641245,esilverstoneb@answers.com,37
32998CXLA,Lisa Gumbrell,F,1991-07-05,840-489-1456,5015843884,lgumbrellec@gnu.org,45
92641GDKM,Allison Schrader,F,1984-02-28,730-292-8606,,,47
56806CTUU,Ronnie Desson,M,1962-05-29,631-874-9580,5931674118,rdessonee@upenn.edu,48
14637WOMC,Eleni Cawthorn,F,1979-08-17,682-260-0966,7239279903,ecawthornef@vimeo.com,49
10437ZZXR,Arliene Luttger,F,1952-11-14,742-136-1234,,,50
42060CLIH,Engelbert Wroe,M,1947-10-11,571-982-7937,8188907428,ewroeeh@indiatimes.com,52
34519ZLVI,Brina Johnston,F,1986-11-23,365-401-5654,9615054523,bjohnstonei@dell.com,63
74750XHNX,Desi Pengelley,M,1946-05-20,759-521-1217,,,66
60765OOCN,Eartha Dwelly,F,1948-01-03,181-478-8580,8179413566,edwellyek@economist.com,67
69348BZYU,Mechelle Jadczak,F,1947-02-09,979-613-7452,7851854515,mjadczakel@163.com,69
11361HBJR,Bartholomew Franscioni,M,1966-07-27,517-317-8225,6108169877,bfranscioniem@is.gd,71
06318AZBM,Ferdy MacShane,M,1976-09-23,825-790-1616,5197168874,fmacshaneen@w3.org,72
34884AXTV,Syd Kirke,M,1982-10-18,409-341-4649,9554866865,skirkeeo@nymag.com,73
08900KZIM,Nealson Banstead,M,1960-02-01,805-243-7105,4881835074,nbansteadep@dyndns.org,75
69634FPSC,Melvin Whitloe,M,1954-04-03,784-531-7301,,,76
48077BSBZ,Perrine Longshaw,F,1994-04-22,178-299-8092,,,79
52321NNZX,Patti Longfut,F,1984-01-09,531-256-7282,,,81
09779GLJA,Abdul Shelliday,M,1977-06-19,688-712-6144,3465394569,ashellidayet@cyberchimps.com,90
99116OLPW,Atalanta Carriage,F,2001-02-10,869-422-1170,8754575311,acarriageeu@gravatar.com,92
62592AIEC,Susann Denisot,F,1947-09-22,968-154-4171,9255328482,sdenisotev@jimdo.com,94
07443TZSO,Normand Cousens,M,1987-07-04,633-641-5014,4696883879,ncousensew@tamu.edu,95
49174BVUI,Raina Burgum,F,1964-05-28,930-172-9348,8147392163,rburgumex@merriam-webster.com,101
83625YNJH,Min Bowshire,F,1949-03-23,656-757-9675,9795870505,mbowshireey@com.com,102
68798KKAM,Mozelle Myring,F,1991-02-14,106-287-1348,4045411153,mmyringez@hp.com,103
76461UMTY,Cleo Pittham,F,1975-04-18,157-978-6977,8912554408,cpitthamf0@domainmarket.com,105
52989XPME,Leda Bysouth,F,1952-03-15,770-767-3240,,,106
92698QZCK,Cordie Ridgewell,M,1997-05-24,728-954-8584,4902037205,cridgewellf2@apache.org,107
44251WUVD,Meryl Trowel,M,1968-12-07,303-203-8389,9315660470,mtrowelf3@who.int,109
20212UDXQ,Barbee Vanyutin,F,1987-09-12,699-184-5597,8308062478,bvanyutinf4@microsoft.com,113
50803IVEB,Christye McLane,F,1949-11-29,802-748-0686,9039353460,cmclanef5@oaic.gov.au,114
52043ANNH,Germain Kniveton,M,1992-08-23,725-974-8910,,,117
10525GGAI,Allina Tremoulet,F,1948-10-23,990-642-1575,6097370215,atremouletf7@csmonitor.com,118
18763LFJL,Fred Goakes,F,1983-07-27,934-431-8965,4996888879,fgoakesf8@ustream.tv,120
86891MVQK,Giorgia McWhin,F,1963-11-17,634-190-9651,8967530276,gmcwhinf9@upenn.edu,124
03148EOSW,Madlen Grumbridge,F,1978-04-01,358-139-7069,3566453255,mgrumbridgefa@flavors.me,127
71930XNLT,Julie Halworth,F,2000-08-07,383-891-0585,4037063600,jhalworthfb@cisco.com,128
10245GVTM,Redd Fordy,M,1953-09-13,903-772-8796,3834826692,rfordyfc@pinterest.com,132
31063IEZS,Monte Stilldale,M,1947-05-10,714-462-5021,7964258807,mstilldalefd@hc360.com,134
34466XMBF,Barnabe Mainstone,M,1999-07-02,283-231-0418,8745298067,bmainstonefe@dion.ne.jp,135
56623PRAZ,Alfreda O'Bradden,F,1958-09-24,403-345-2792,,,141
34345BEPJ,Jeri Aron,F,1993-04-12,756-131-8266,6648898757,jaronfg@icio.us,142
53460GGXY,Sonnie Crate,M,1948-04-30,152-127-0426,6064288666,scratefh@oracle.com,144
18300BWXP,Gram Strathern,M,1988-07-28,222-435-0318,8519933931,gstrathernfi@zimbio.com,146
72697FPIQ,Tommy Pietri,F,1983-08-14,168-526-6209,6683070576,tpietrifj@narod.ru,151
66075CYTI,Fitz Eastam,M,1970-04-28,159-657-3522,,,155
44848KAKI,Karin Lewsley,F,1995-03-07,684-729-1186,,,156
77754OEIF,Aurore Mullane,F,1980-02-21,965-118-9855,4498641356,amullanefm@clickbank.net,157
67383VPQR,Roxanna Carty,F,1995-02-05,549-500-2668,,,161
22141QCKU,Terrell Wenban,M,1994-03-22,116-529-8878,,,163
00015ADTC,Wakefield Gready,M,1992-12-25,171-674-1738,,,164
90149WBJE,Westbrooke Easen,M,1968-09-07,715-820-6776,1179218605,weasenfq@live.com,167
38152MZFC,Aubree McArd,F,1947-07-25,894-976-8711,2945465665,amcardfr@hugedomains.com,169
23879KMVM,Isabelle Janatka,F,1946-12-27,448-562-4197,,,174
64550WPIX,Christoffer Domenget,M,1971-09-15,332-476-2102,1427029068,cdomengetft@nhs.uk,175
62601MBWE,Arley Vanyarkin,M,1974-03-28,878-624-3493,,,177
66651RBDL,Alanah Carncross,F,1983-04-10,688-787-6602,9134680993,acarncrossfv@skyrock.com,178
33474RLKN,Kennett Tidball,M,1977-08-05,853-685-6164,1277120555,ktidballfw@businesswire.com,181
49685YWOP,Bard Tittershill,M,1980-01-26,537-350-3293,2678925919,btittershillfx@networksolutions.com,182
78183NMUG,Muire Wassung,F,1983-09-26,144-854-7283,,,183
81509FCNC,Heall Battrum,M,1990-07-28,707-637-8661,9275836193,hbattrumfz@reuters.com,187
52984QILZ,Valli Anthes,F,2002-03-19,863-680-7971,,,192
82274CQNR,Javier Minchinden,M,1961-10-14,507-275-4734,3946030885,jminchindeng1@timesonline.co.uk,193
54518IWZD,Lion Bonsall,M,1950-01-25,881-977-6128,6724552500,lbonsallg2@google.com.au,201
78074IHEV,Herbie Cunney,M,1993-07-08,947-376-0606,7021464278,hcunneyg3@e-recht24.de,205
03273DPNA,Agnola Lindop,F,2001-03-09,600-933-2337,3458063266,alindopg4@google.nl,206
18045IMZW,Nancey Trousdell,F,1997-04-03,142-309-5721,4238449215,ntrousdellg5@google.co.jp,210
18706XVBQ,Winona Troctor,F,1996-08-28,441-738-2377,3431821902,wtroctorg6@reverbnation.com,211
22025NSNZ,Hestia Constantine,F,1993-09-20,651-752-4543,,,213
22085IGFQ,Winnie Basill,M,1964-03-06,868-292-2213,6033136840,wbasillg8@bbb.org,214
77407FJST,Allene Dilley,F,1984-11-19,488-108-3768,7914664664,adilleyg9@digg.com,216
75192SVFI,Jarid Dewett,M,1978-05-25,923-500-1390,3442624745,jdewettga@csmonitor.com,220
45317CFBF,Bryce Cornehl,M,2000-04-29,923-679-3746,7483364852,bcornehlgb@unblog.fr,221
91122IOKT,Gwyn Oldroyde,F,1971-05-31,399-540-8510,5899553076,goldroydegc@miitbeian.gov.cn,224
90903ETEK,Chery Twizell,F,1970-07-16,816-683-1416,,,225
81194JQNX,Athene Laverack,F,1968-03-23,885-214-4768,9407277865,alaverackge@weibo.com,227
17693KREQ,Lian Tomczykiewicz,F,1974-01-10,416-687-4172,7609437329,ltomczykiewiczgf@msn.com,231
60423WJTM,Grove Rosenblath,M,1959-08-11,665-802-1885,3147503556,grosenblathgg@sakura.ne.jp,234
02326QGAF,Veronica Giacobo,F,1950-05-04,930-638-9530,7922361672,vgiacobogh@abc.net.au,240
09809SNJP,Vanni Brittan,F,2003-05-13,705-969-6815,2394651073,vbrittangi@smugmug.com,241
06463NIUU,Emmy Maxwaile,F,2002-12-07,962-375-1884,2904107948,emaxwailegj@lulu.com,249
89252VTQU,Sharon Youens,F,1955-09-10,681-384-9706,5768852222,syouensgk@amazonaws.com,255
95141DYBF,Tucky Willavoys,M,1978-06-20,172-390-8952,,,256
18549HRNA,Trenna Bedham,F,1959-07-22,192-837-0029,5324459148,tbedhamgm@msu.edu,259
55240DULH,Madella Cloute,F,1988-08-22,292-433-1706,3035607246,mcloutegn@arizona.edu,261
27477OXBC,Nicola Schrinel,M,1989-03-13,127-697-3190,9926048792,nschrinelgo@qq.com,263
59456UOWP,Clerissa Jindracek,F,1996-05-13,451-595-8248,3011549374,cjindracekgp@seesaa.net,267
17742VPCJ,Hewett Sibylla,M,1949-10-04,275-457-8986,4506303588,hsibyllagq@twitpic.com,272
77672WPBN,Read Kenvin,M,1977-10-30,318-786-1751,,,274
49070ZEMP,Dorette Gouldeby,F,1979-02-17,199-268-7819,,,281
55635LAXB,Fletcher Inseal,M,1988-04-16,592-904-5055,5103238361,finsealgt@cafepress.com,283
96286JHVL,Nancie Dredge,F,1994-07-05,698-639-6740,7767767608,ndredgegu@biblegateway.com,285
50825XDFH,Madlen Grouvel,F,1981-12-03,537-394-0294,,,290
24808DTTP,Aleksandr Innerstone,M,1959-09-17,955-472-2009,8301373542,ainnerstonegw@ebay.co.uk,300
26525GPLN,Angelle Robinson,F,1980-05-17,370-420-6524,7661301617,arobinsongx@webeden.co.uk,301
55045YXSQ,Noby Vasyutochkin,M,1966-07-26,564-337-7900,2804498203,nvasyutochkingy@blinklist.com,306
69886NIKU,Cherri Pieter,F,1976-07-12,206-491-7799,7639498193,cpietergz@ed.gov,307
82641OVIC,Aaren Leftbridge,F,1969-08-26,248-836-1533,7513766069,aleftbridgeh0@statcounter.com,309
42155EPST,Valida Miklem,F,1973-06-17,480-315-3319,9965055618,vmiklemh1@ow.ly,310
86667EVRQ,Mannie Heinl,M,1947-10-05,316-172-4656,3529162887,mheinlh2@dell.com,311
79746WEKE,Jeane Mullender,F,1961-12-23,365-813-8245,9178963997,jmullenderh3@ed.gov,312
48219SZCJ,Bobbie Legate,F,1946-09-23,269-784-6999,8525495236,blegateh4@nifty.com,313
21357VSMC,Tarrance Rockwill,M,1998-04-09,110-851-6847,8348599802,trockwillh5@flavors.me,322
19976MHMT,Stacy Ramet,M,1961-02-17,638-501-5730,5129626536,srameth6@soup.io,327
77906SABA,Anabelle Biasioni,F,1980-11-26,225-145-1361,5657915762,abiasionih7@people.com.cn,328
83763QXNP,Colas Templar,M,1981-10-11,824-706-0578,1353111029,ctemplarh8@1688.com,332
00976VFNW,Clarine Jindracek,F,1970-04-11,987-294-5403,6822747374,cjindracekh9@whitehouse.gov,334
74888NUMN,Yevette Farnes,F,1976-09-07,945-483-1568,9783901565,yfarnesha@adobe.com,335
20654PUCB,Tasha Inman,F,1971-05-21,492-595-4960,8544361435,tinmanhb@google.it,340
01532MPUA,Isiahi Hartrick,M,1986-10-10,538-608-1210,,,343
24153FJPK,Orbadiah Lacasa,M,1988-05-25,345-969-3603,5738205033,olacasahd@typepad.com,1
46792MFNV,Ansell Eyton,M,1992-02-17,899-577-4587,,,2
98825TXTS,Torey De Vere,F,1976-03-26,989-256-8725,7189528788,tdehf@java.com,4
70579IBJO,Herschel Cheers,M,1994-05-11,584-803-4482,,,5
05720EUIX,Wakefield Mertel,M,1989-04-20,144-993-3000,8817456613,wmertelhh@homestead.com,6
09611UZOR,Valaria Assender,F,1975-05-27,866-603-9776,5098120653,vassenderhi@scientificamerican.com,8
18265CRQR,Sonny Birkwood,F,1947-08-02,487-109-2101,,,10
87647XBBV,Daryn Milillo,F,1992-09-13,701-769-2585,3148068825,dmilillohk@shinystat.com,13
75999BOIV,Allina Dawidman,F,1967-06-29,581-134-4435,6906472913,adawidmanhl@addthis.com,16
89538LESS,Lucina Valentin,F,1977-04-21,657-705-8435,1446452645,lvalentinhm@wikia.com,17
66858UWDV,Meade Akaster,M,1963-10-18,120-179-9304,7959944491,makasterhn@symantec.com,18
92938SGDZ,Marcia Peoples,F,1949-11-19,748-868-1568,7381724186,mpeoplesho@google.ca,27
11001AOBW,Moore Roney,M,1995-12-05,957-889-6435,1485412201,mroneyhp@ycombinator.com,33
85637ZOIU,Guy Klimashevich,M,1999-10-30,927-711-4779,5235542104,gklimashevichhq@mapy.cz,34
19725IPCA,Dolores Giberd,F,1981-07-24,966-748-4071,3611088391,dgiberdhr@acquirethisname.com,36
46914JBYX,Winona Sainsbury,F,1961-05-06,244-226-4505,1133736479,wsainsburyhs@prlog.org,37
91330BWSI,Wiley Shemilt,M,1971-02-26,844-918-3768,,,38
58943OTIJ,Humfrey Cesaric,M,1993-10-08,214-669-4401,2193360219,hcesarichu@twitter.com,47
31170LUSD,Delmor Luard,M,1958-03-29,813-238-0756,8278115273,dluardhv@privacy.gov.au,48
79956DZYL,Dwayne Keetch,M,1972-01-31,463-851-8813,4395415294,dkeetchhw@cafepress.com,50
18665VCPT,Lane Wonfar,F,1970-11-30,336-490-7083,8818789187,lwonfarhx@histats.com,52
63200JNWF,Sibbie Dyott,F,1950-08-30,342-368-4960,3154434649,sdyotthy@posterous.com,55
63138LMZE,Jourdain Domerque,M,1954-09-05,518-743-1044,,,56
67180RNGX,Pail Rennocks,M,1960-10-07,371-938-6972,6313893468,prennocksi0@artisteer.com,57
22213YECD,Vida Willatt,F,1972-08-16,456-302-3771,6267934969,vwillatti1@1und1.de,58
42077OGNW,Hilarius Waiton,M,1990-10-02,398-458-6471,,,60
54256LAXJ,Percy O'Gormley,M,1983-09-17,348-194-9217,8303375437,pogormleyi3@discuz.net,63
17929EZPD,Ricca Jezard,F,1963-08-13,881-348-9680,1579207609,rjezardi4@jiathis.com,66
96312KARQ,Ashlin Wadeson,M,1985-05-02,493-697-7295,8687170232,awadesoni5@sun.com,67
05727EFGZ,York Cappleman,M,1976-03-27,148-757-1085,,,70
16472VRYW,Jorge Fussell,M,1973-07-11,329-688-8939,9944112194,jfusselli7@blogspot.com,71
97421LXZN,Doralyn Kelwaybamber,F,1973-05-10,672-860-0853,9229181889,dkelwaybamberi8@businessweek.com,72
91336NMQW,Quent Brittain,M,1952-12-28,998-219-5100,6719994380,qbrittaini9@networksolutions.com,78
41510YHLE,Lisha Tolwood,F,1981-11-22,256-797-5020,8343394581,ltolwoodia@usnews.com,80
10191TGDE,Boris McCreadie,M,1970-01-17,928-117-1841,3803260190,bmccreadieib@patch.com,81
80538UNMK,Jeannine Wilkins,F,1957-12-08,872-606-6912,7377706325,jwilkinsic@sciencedaily.com,86
19820IJRJ,Anstice Newlyn,F,1960-05-05,661-101-6506,9042092157,anewlynid@lycos.com,90
80679KROD,Lacee Holtom,F,1992-08-22,811-384-0272,,,94
24317XZLL,Adriano Lisimore,M,1998-07-14,880-858-7147,2317178499,alisimoreif@admin.ch,98
99981UASO,Verena Smallpeice,F,1945-11-16,306-452-3816,,,99
90084IIHR,Riannon Pye,F,1972-09-12,333-843-2283,6926325347,rpyeih@qq.com,100
60693ZBCX,Garvy Hale,M,1983-03-29,317-865-5931,,,101
84682YSXP,Oralie Baron,F,1950-04-01,241-217-1091,6723063880,obaronij@newyorker.com,102
60630NFSA,Marjory Linde,F,1978-02-12,396-166-9757,1343824130,mlindeik@miibeian.gov.cn,103
46826JHJW,Gloria Jorge,F,1991-08-06,854-879-3954,5129504218,gjorgeil@opensource.org,104
51302ULGF,Elwin Bourner,M,1987-06-19,828-453-0115,7492760131,ebournerim@harvard.edu,106
00947GODH,Leoine Nellis,F,1994-07-12,849-931-8696,7621259677,lnellisin@stumbleupon.com,108
03441VGRI,Blakeley Druce,F,1996-12-29,480-585-1472,7352406201,bdruceio@hud.gov,113
96642TDIH,Kayle Ingray,F,1962-12-09,514-331-0459,3058115740,kingrayip@smugmug.com,115
94949WRDC,Laurette Joskowitz,F,1953-03-01,240-437-3449,5102414272,ljoskowitziq@usda.gov,116
31743KDYQ,Elbertine Linwood,F,1989-07-08,122-350-7875,3606547663,elinwoodir@4shared.com,117
57536VFAV,Ephrayim Jayne,M,1960-09-01,100-324-0755,3755703741,ejayneis@devhub.com,120
63959SHNW,Filmore Bleasby,M,2001-05-27,532-393-3241,,,121
18562SXYE,Garwood Curado,M,1982-08-23,514-529-8854,3996324718,gcuradoiu@sogou.com,129
55692QSGY,Levi Huitson,M,1958-04-30,159-870-4968,6314449200,lhuitsoniv@home.pl,130
96217MPQO,Theresa Millins,F,1984-08-05,577-465-6857,3297241734,tmillinsiw@infoseek.co.jp,133
19487BTQH,Rufe Perring,M,1994-12-06,249-829-2305,8891987653,rperringix@un.org,135
05890UKZO,Audre Rayne,F,1989-08-31,418-568-3441,,,136
45165QNRT,Sam Domoney,F,1951-11-24,133-842-2855,3075665764,sdomoneyiz@youtube.com,137
17244TFJT,Paolina Cominoli,F,1999-12-13,785-190-0932,9042410280,pcominolij0@tamu.edu,139
91172YJAT,Skip Cuerdall,M,1992-03-16,118-864-0077,8541494780,scuerdallj1@zimbio.com,141
40225WAVA,Ruperta Skitteral,F,1962-04-30,343-231-3188,2637048986,rskitteralj2@usda.gov,143
54969UPXU,Blayne Spriggin,M,2002-12-12,189-324-1458,3458886957,bsprigginj3@cdc.gov,144
88292EDIE,Gustav Bragger,M,1974-11-16,568-151-2200,5251618070,gbraggerj4@simplemachines.org,145
64934ASGG,Michele Neeves,M,1950-06-17,309-473-5101,8866736777,mneevesj5@newsvine.com,148
69306YLBR,Calv Stanway,M,1955-02-25,883-853-9290,8838358209,cstanwayj6@google.com.au,153
65208PVDL,Henrietta Lethley,F,1990-10-11,491-324-2735,5835080482,hlethleyj7@apple.com,154
76126DMXO,Tilda Pennuzzi,F,1973-05-10,388-558-9629,8854140355,tpennuzzij8@alibaba.com,155
53124ZWJS,Andie Riccard,F,1968-07-30,755-722-7038,1232712182,ariccardj9@bing.com,156
78669GUOV,Ellen MacParlan,F,1967-10-26,482-315-5691,5703480132,emacparlanja@sfgate.com,157
20272FENQ,Coralyn Gallop,F,1995-11-27,439-708-5569,2167544913,cgallopjb@archive.org,158
31246DEGM,Denney Carley,M,1977-04-01,797-625-8764,,,160
66472KDPL,Lenette Lord,F,1982-02-21,131-263-7903,1778262028,llordjd@oakley.com,161
63770UPLY,Base Lamyman,M,1969-12-20,455-663-5785,,,165
24621MXHR,Vasili Bouts,M,1967-12-18,325-181-4724,9385887369,vboutsjf@ow.ly,170
99207UDUQ,Barnaby Turle,M,1962-09-29,997-655-3778,6483305970,bturlejg@miibeian.gov.cn,172
46968YZHS,Aldric Boughton,M,1986-11-17,652-783-3358,7965611702,aboughtonjh@hubpages.com,179
58949DPYD,Amalia Picken,F,1969-10-17,519-500-9132,8107808767,apickenji@uol.com.br,183
18279GPAI,Cecilio Charrette,M,1990-02-01,952-736-0807,8882642317,ccharrettejj@biglobe.ne.jp,184
92656JFDD,Griffith Sivil,M,1970-09-02,309-209-7722,5546600808,gsiviljk@unicef.org,186
05389SBDY,Wallace Pimmocke,M,1969-06-15,867-831-4465,4297914401,wpimmockejl@ocn.ne.jp,187
97171WXZU,Beitris Burgill,F,1966-06-22,174-455-0334,3368573462,bburgilljm@foxnews.com,188
57203KZKN,Avie Rickets,F,1957-08-27,728-510-4409,1106571930,aricketsjn@msn.com,192
21322VHUT,Basilius Pryke,M,1946-11-05,769-399-6320,,,193
72287LWTO,Massimiliano Giovanizio,M,1950-12-27,474-914-0413,7058473696,mgiovaniziojp@archive.org,194
86585UFTO,Sax Toulson,M,1973-10-01,864-371-3695,8127486047,stoulsonjq@amazon.co.uk,195
02883PITG,Faydra Ailward,F,1951-08-22,495-104-0049,,,196
34316LTXO,Baxter Ondrus,M,1950-10-23,567-268-0000,7526131721,bondrusjs@apache.org,198
73717GUXD,Dedie Hocking,F,1980-03-05,621-321-0009,5009396247,dhockingjt@cocolog-nifty.com,199
48693UCHR,Missie Marzella,F,2000-08-31,178-597-0817,8862171839,mmarzellaju@tuttocitta.it,203
60124TAXO,Jewelle Whetson,F,1955-03-07,691-383-6714,9732023600,jwhetsonjv@state.tx.us,206
17005YGLQ,Gina Marielle,F,1967-09-18,998-906-3317,9867040106,gmariellejw@spiegel.de,209
68326THER,Maryl Lefley,F,1998-04-21,259-383-6771,6631936886,mlefleyjx@liveinternet.ru,210
22392GONW,Jamesy Frankling,M,1985-03-11,864-188-5160,9895095344,jfranklingjy@amazon.de,213
39821PNOF,Una Baversor,F,1954-11-23,962-807-1216,,,214
62977XMXI,Luisa Towsie,F,1982-05-19,549-571-4122,5595681421,ltowsiek0@digg.com,216
94511DPVH,Murdoch Eberle,M,1979-05-03,314-279-0540,6129170788,meberlek1@disqus.com,217
78383TJHN,Hobie Kubiak,M,2002-02-14,613-854-8600,5296266629,hkubiakk2@columbia.edu,218
87271NILH,Hillier Degenhardt,M,1953-11-21,396-719-4185,6864761729,hdegenhardtk3@ucoz.com,219
72839JEMG,Aldo Ive,M,1961-07-25,115-584-5941,5007210752,aivek4@dedecms.com,221
16706WSAX,Dorelia Guest,F,1956-10-07,122-257-8835,1351803803,dguestk5@artisteer.com,226
74726TPTH,Ephraim Brimble,M,1985-12-25,280-449-1082,9348837719,ebrimblek6@illinois.edu,228
69134NJKV,Buckie Torre,M,1970-12-18,612-203-3957,4927782603,btorrek7@webmd.com,231
75726KFSZ,Ambur Pinching,F,2000-04-01,779-400-1941,1712208886,apinchingk8@skyrock.com,232
63044QPGV,Joyous Ginni,F,1953-10-16,163-219-1061,2634174069,jginnik9@squarespace.com,234
94679AYOL,Monte Dumphy,M,1986-03-05,536-160-3562,9421244249,mdumphyka@yolasite.com,235
35343LCNQ,Glennis Holdworth,F,1960-12-10,597-313-5424,3889723054,gholdworthkb@hp.com,242
10983SAMA,Zerk Mullineux,M,2000-04-08,372-328-2372,,,243
60391FNPR,Kort Ivashkov,M,1978-12-30,272-730-6840,7444175567,kivashkovkd@creativecommons.org,244
07476HHJC,Deloria McCloud,F,1948-08-05,683-879-1712,8753331821,dmccloudke@paginegialle.it,246
86282IUAF,Maje Bengal,M,1978-02-07,747-384-1549,9289479810,mbengalkf@chronoengine.com,248
42916BBHR,Benjy Hayfield,M,1979-06-12,930-799-0329,,,249
64717PXGD,Panchito Nolton,M,1965-07-15,619-163-9169,8495636520,pnoltonkh@bbc.co.uk,253
42297DQOF,Omero Josilevich,M,1945-07-05,629-567-0640,1366219799,ojosilevichki@is.gd,254
21610YJRL,Bobina Hughlock,F,1965-02-09,886-646-3182,4747183678,bhughlockkj@google.ca,255
68186UIJW,Angeline Smith,F,1982-12-26,701-581-2647,9494679193,asmithkk@unblog.fr,262
69380XXJR,Mable Lamont,F,1959-06-19,730-309-1661,8352617312,mlamontkl@liveinternet.ru,264
94065KESV,Malvin Ansill,M,1951-12-19,381-785-9925,6671786755,mansillkm@ezinearticles.com,265
39050SHWX,Rouvin Stabler,M,1967-11-11,780-815-5495,6194914045,rstablerkn@soundcloud.com,266
83711WIJZ,Astrid Fortune,F,1967-01-17,110-194-7066,7548041020,afortuneko@bbb.org,268
21792ODMC,Nathanil Keri,M,1984-12-14,413-400-5409,,,269
87975QJMR,Chelsea Frankham,F,1952-09-13,317-441-6517,6297353113,cfrankhamkq@tiny.cc,273
30353XMEM,Neill MacPaike,M,1979-04-10,212-482-5541,9621182783,nmacpaikekr@yahoo.co.jp,275
92293UWSF,Des Schimpke,M,1983-09-25,221-126-8548,,,281
19734WSBQ,Sabine Wilkowski,F,1984-02-11,447-524-3377,2677261206,swilkowskikt@merriam-webster.com,288
54262DCFK,Francisco Velez,M,1954-08-31,791-382-2657,,,2
29357TDPM,Timmy Stephenson,M,1966-12-29,512-187-5097,9106184170,tstephensonkv@csmonitor.com,3
49803NKJR,Nicholle Moody,F,1971-12-22,730-647-3578,8428761384,nmoodykw@mac.com,4
93402BBKH,Gaspard Cammidge,M,1961-03-29,142-323-1023,,,5
07804TAFU,Dianemarie O'Callaghan,F,1997-08-15,494-339-7409,,,7
22406KMEH,Clarita Korbmaker,F,1959-02-26,196-145-1294,6854153989,ckorbmakerkz@state.tx.us,9
02098BFMN,Sebastian Fullwood,M,1976-08-22,469-424-9161,2447467790,sfullwoodl0@technorati.com,12
75872TZCN,Karina Swyre,F,1945-11-22,417-165-4368,9842263583,kswyrel1@google.com.hk,18
75765MQNM,Franciska Marty,F,1974-03-29,764-691-0460,3513979767,fmartyl2@networkadvertising.org,19
10519JFTE,Hy Cowderoy,M,1977-09-28,475-953-2812,2539705179,hcowderoyl3@dailymail.co.uk,21
83128KGUR,Dollie Stenet,F,1974-10-10,153-202-1856,1781429288,dstenetl4@about.com,22
53212LSUM,Jess Moret,M,1983-07-05,196-531-3464,8835694447,jmoretl5@psu.edu,25
59041GLUK,Archibold Frushard,M,1979-07-09,279-230-7437,9615862441,afrushardl6@parallels.com,32
46110OJEW,Daniela Greensall,F,1987-04-27,359-287-9518,7916116921,dgreensalll7@paginegialle.it,33
08913WEWY,Horatio Nettles,M,1993-05-21,105-763-0954,,,35
35941RADO,Jade Payton,F,1998-01-15,838-582-3757,,,36
77214GJDR,Cesare Aimer,M,1990-09-17,529-507-4921,3613567590,caimerla@state.gov,37
72945RKZS,Carmine Avramchik,M,1988-01-03,703-506-5306,2682858117,cavramchiklb@google.com,39
93325PXGJ,Valentino Weddeburn - Scrimgeour,M,1964-09-10,130-922-4651,5706509601,vweddeburnlc@economist.com,41
20038HYTS,Hugibert Ennew,M,1945-10-22,902-203-3773,7406504037,hennewld@barnesandnoble.com,42
39523XDZB,Jonathon De Beneditti,M,1951-03-21,801-323-8728,1499271830,jdele@oracle.com,45
63971NCPL,Rip Wilmore,M,1968-03-23,294-155-8419,,,49
45975HKVN,Lorie Coll,F,1960-07-01,967-299-3221,8116286209,lcolllg@uiuc.edu,55
84567OKZO,Dacia Willstrop,F,1991-10-20,311-442-9054,,,58
58247KZNA,Giacobo Causey,M,1963-02-15,574-669-3670,3982163241,gcauseyli@sitemeter.com,62
82311UVEF,Renault Combe,M,2001-10-05,402-764-9558,9974085828,rcombelj@who.int,63
25385JHQV,Deina Hazlegrove,F,1952-03-18,391-236-6998,1932722358,dhazlegrovelk@youtube.com,64
58842VIVP,Petrina Barreau,F,1951-03-18,864-846-2975,5117650819,pbarreaull@forbes.com,66
44953PELZ,Karalynn Stopper,F,1977-01-11,885-170-5628,1069608099,kstopperlm@hao123.com,68
31250JRMU,Lem Satterthwaite,M,1974-12-20,688-492-4846,1333583249,lsatterthwaiteln@facebook.com,70
08565PXLN,Fax Antoniades,M,1954-04-23,472-483-6576,7347317222,fantoniadeslo@engadget.com,72
14640VHVQ,Far Heggadon,M,1957-05-02,636-136-1638,3416020702,fheggadonlp@un.org,78
14808LCLN,Frasier Green,M,1949-02-20,205-113-7160,9298457522,fgreenlq@networkadvertising.org,79
33037DHIZ,Joel Konert,M,2000-09-10,758-577-8663,4664101832,jkonertlr@globo.com,81
24976HJOF,Kenny Reese,M,1963-10-06,306-519-0949,1707532117,kreesels@patch.com,86
12712YOLV,Cassondra Whitney,F,1972-10-13,209-926-2523,3187753378,cwhitneylt@go.com,88
40403SSKQ,Jamill Beat,M,1984-01-22,536-695-0285,,,91
68767NXNZ,Martica Daish,F,1954-11-05,832-420-5878,4288616712,mdaishlv@creativecommons.org,95
48874LJLJ,Fleming Atley,M,1983-04-28,252-925-2461,8809722924,fatleylw@vistaprint.com,96
32361XCHF,Haywood Teml,M,1992-02-04,237-179-4889,,,97
64330DZQD,Marco Thurstance,M,1985-02-25,703-325-3578,,,103
13237BBTT,Muffin Renn,F,1983-06-10,650-667-4960,6843003273,mrennlz@smugmug.com,106
93073RTAJ,Lothario Hatherall,M,1994-08-22,736-574-6166,2372960441,lhatherallm0@com.com,107
40737QDZU,Wakefield Hollyard,M,1955-07-12,857-605-5372,8362530859,whollyardm1@umn.edu,108
30147BFGU,Taylor Laughrey,M,1949-01-27,512-715-6085,2124894276,tlaughreym2@dyndns.org,109
00619JSMH,Byrann Pretti,M,1994-11-23,901-994-5543,1501324806,bprettim3@ed.gov,114
65216MKMO,Flemming Papierz,M,1971-02-06,772-497-6530,2175022715,fpapierzm4@yahoo.com,116
55613MJNV,Lil MacWhirter,F,1960-01-01,482-665-7065,6981515835,lmacwhirterm5@addthis.com,118
87032WUXB,Eyde Witnall,F,1978-08-03,622-841-8128,8775649898,ewitnallm6@indiatimes.com,119
26525HBJI,Marlee Linsay,F,2000-11-02,898-120-8983,6146354757,mlinsaym7@jimdo.com,121
24245HGEX,Georgena Plascott,F,1994-09-17,444-287-3253,,,122
38988KSYZ,Sterling Featherstone,M,1997-12-27,877-206-7073,,,123
52656WLRL,Vic Greyes,M,2001-03-31,696-129-9185,6463630394,vgreyesma@constantcontact.com,128
90164UHZS,Corabella Westphalen,F,1981-02-18,742-176-4803,8996258230,cwestphalenmb@illinois.edu,129
91115LJSC,West Desport,M,1964-09-13,300-685-8834,,,130
24456CLTZ,Johnny Saxby,M,1974-11-04,343-756-7801,4298850397,jsaxbymd@mashable.com,132
54987ZYAU,Mary Baudins,F,1968-02-29,305-810-3574,,,134
75043CWWO,Dene Deane,M,1986-06-24,981-651-1089,,,135
14687YYJN,Gerrie Godsil,M,1981-02-12,375-407-8048,4054445515,ggodsilmg@dagondesign.com,137
79787OGRG,Fredric Eastes,M,1993-02-12,568-200-0782,6999994763,feastesmh@biglobe.ne.jp,138
03629DIXY,Jessa Albasiny,F,1992-04-12,339-901-3987,3355835517,jalbasinymi@admin.ch,140
60292UZSH,Eddie Byforth,M,1954-07-22,492-550-9229,7827698019,ebyforthmj@mozilla.org,141
86039JHGJ,Rickie Dalbey,M,1947-11-21,544-790-8988,9341246106,rdalbeymk@hubpages.com,142
74560BZMH,Bea Chilcott,F,1987-05-23,493-318-7992,5015975808,bchilcottml@gravatar.com,144
61541GAJS,Wynn Conboy,M,2003-01-30,222-835-3338,1823580834,wconboymm@ask.com,146
13944SLOY,Muire Antoney,F,1950-07-17,250-591-4489,7105009333,mantoneymn@freewebs.com,147
03582ESML,Werner Wilber,M,1991-01-26,781-507-7573,8731214562,wwilbermo@arstechnica.com,151
49490TNQR,Merv Flinders,M,1989-03-04,460-429-6650,8517655360,mflindersmp@issuu.com,152
51969IYSH,Nevil Upston,M,1970-06-23,369-719-1627,,,153
22321EPPF,Morrie Monnery,M,1991-03-16,995-151-8639,,,156
39508ZCPF,Tomasine Ebrall,F,1950-12-07,850-460-6831,5206146093,tebrallms@chron.com,157
55785XGUE,Valma Fitchet,F,1978-03-17,889-776-0786,6784877390,vfitchetmt@reuters.com,160
93845OCYC,Immanuel Leader,M,1970-10-09,230-874-5681,9061026052,ileadermu@usatoday.com,164
81197VDCD,Trefor O'Dee,M,1950-01-09,588-151-6111,1642719664,todeemv@slideshare.net,165
05974RBYS,Mortie Lintin,M,1998-09-19,962-843-9429,,,170
61703XRFJ,Phylys Devanny,F,1976-09-18,622-355-5013,6629370531,pdevannymx@blogtalkradio.com,171
98510VPBG,Harrie Coghlan,F,1977-03-16,314-714-6683,3524372512,hcoghlanmy@51.la,173
77171BGSM,Kara-lynn Ketch,F,2001-03-27,516-996-8842,5059477056,kketchmz@mysql.com,178
83072LQSO,Catharine Czaja,F,1951-02-24,440-744-8097,5181823117,cczajan0@sohu.com,186
30016VFCO,Clive Chritchley,M,1953-03-01,852-170-5104,5517875068,cchritchleyn1@chron.com,188
86484VKKP,Porty Ballantyne,M,1987-03-02,143-543-0374,,,191
50386FVMX,Philbert Dohrmann,M,1947-12-14,605-565-0941,4458197239,pdohrmannn3@youtube.com,193
63851FVSR,Cori Albrecht,M,1966-04-25,709-859-6449,,,195
43939YFZE,Jarid Botton,M,1972-11-21,457-500-6445,9334857517,jbottonn5@tiny.cc,196
02902ERRI,Margette Bellocht,F,1955-12-04,131-493-6008,6529259782,mbellochtn6@umn.edu,197
34399OYYP,Dionis Dobbinson,F,1952-11-30,150-980-6017,3912488379,ddobbinsonn7@twitpic.com,200
96213WUZU,Letta Vairow,F,1978-04-04,159-831-2223,7172948341,lvairown8@goodreads.com,202
78202GNLC,Ashlen Harvey,F,1956-06-29,493-709-1897,3268892613,aharveyn9@google.com.hk,203
67992AIIF,Wynn Spall,M,1970-03-23,268-742-6551,,,206
44474GUTY,Donetta Hissie,F,1989-10-23,718-578-5074,5934532103,dhissienb@people.com.cn,207
95612BHFH,Lek Wearn,M,1991-05-08,185-273-4163,9288649774,lwearnnc@instagram.com,213
70895DANL,Nico Clewlowe,M,1999-02-27,527-810-8902,2293264504,nclewlowend@ustream.tv,214
03161CKXF,Grove Buntine,M,1990-02-24,147-778-2545,3936146663,gbuntinene@storify.com,216
05323QSUQ,Germayne Duiged,M,1952-06-07,243-946-9086,6881265027,gduigednf@parallels.com,217
06559CNUQ,Liliane Tranmer,F,1962-04-08,329-350-8560,3016702103,ltranmerng@wikimedia.org,218
83316KJNM,Alden Fawdrey,M,1960-04-01,311-192-5005,9917126345,afawdreynh@irs.gov,223
88068BTZY,Hakim Kinchley,M,1983-11-04,393-253-9661,1684241146,hkinchleyni@marketwatch.com,225
56352ZDJQ,Torre Gionettitti,M,1978-08-14,718-851-0803,9772140963,tgionettittinj@feedburner.com,226
70697GKDM,Laurent Gallie,M,1972-02-22,238-177-4862,2195258052,lgallienk@infoseek.co.jp,231
74720QSWF,Dinny Brind,F,1978-03-31,147-589-2221,2783916364,dbrindnl@mozilla.com,233
76584BXVA,Des Campbell-Dunlop,M,1985-11-12,890-387-4045,5282356048,dcampbelldunlopnm@nyu.edu,234
97553APUO,Dinny Gilmore,F,1945-08-01,892-311-2501,1637711753,dgilmorenn@amazon.de,236
29423AYCV,Risa Mennear,F,1972-06-11,861-526-4514,3696604348,rmennearno@hatena.ne.jp,239
72312UHCA,Joellyn Du Fray,F,1970-12-31,876-433-8747,2542039448,jdunp@vk.com,240
34304WEPK,Wally Marte,M,1986-05-08,392-574-7411,,,242
51791XWMI,Rebekkah Sycamore,F,1963-09-06,913-594-3511,6083482744,rsycamorenr@xinhuanet.com,244
33385TNIS,Lauren Boulding,M,1994-07-26,720-358-6469,3419950503,lbouldingns@edublogs.org,247
50808RZDH,Pavia Dillow,F,1983-01-16,390-336-3135,2384482748,pdillownt@google.com.hk,251
37225URZD,Massimo Arlott,M,1947-08-23,466-954-7936,8276676792,marlottnu@usda.gov,252
54346YAEL,Hube MacCarlich,M,1949-05-26,879-424-5349,1783480057,hmaccarlichnv@nationalgeographic.com,255
97187WKRL,Borden Beevens,M,1984-04-13,287-787-1261,2146052051,bbeevensnw@cnn.com,256
11262EQSP,Bartram Salan,M,1995-08-05,523-309-4437,,,258
49361XYND,Hewie Phillcox,M,1947-04-11,718-707-6771,9595305965,hphillcoxny@pcworld.com,263
35081ASWV,Jordan Hayball,M,1977-01-19,974-362-7417,6495078799,jhayballnz@hubpages.com,264
60411FCMJ,Beverie Wordington,F,1996-06-06,511-115-3021,1103496725,bwordingtono0@51.la,266
25392JESL,Gregory Puttan,M,1992-01-23,650-183-5406,5685107038,gputtano1@pinterest.com,267
08958UYKL,Bev Grandisson,M,1978-06-03,555-475-5583,1122435064,bgrandissono2@google.co.jp,270
35426DFVH,Derward Hixson,M,1959-10-23,134-796-9783,8922217573,dhixsono3@naver.com,271
93804UMZY,Oriana Gaskall,F,1964-10-28,991-698-8705,9119702029,ogaskallo4@google.com,275
12396SEHI,Carmen Wethers,F,1961-07-02,608-363-9900,5213708024,cwetherso5@google.ru,276
95368VEVI,Hersch Leeves,M,1991-03-26,411-465-6577,,,282
48360RTQY,Bradney Garrad,M,1988-12-26,752-636-9299,1996411510,bgarrado7@alexa.com,283
59206LSJV,Rich Carthew,M,1955-07-31,134-249-8549,1908541497,rcarthewo8@jimdo.com,284
16413RGXY,Janel Brettelle,F,1999-12-01,232-934-2110,2258925037,jbrettelleo9@goodreads.com,285
67030QXYQ,Othello Shimmings,M,1995-01-29,157-649-1964,6784082248,oshimmingsoa@psu.edu,287
46780NFYB,Lena Crummey,F,1946-05-17,575-725-5081,3119521824,lcrummeyob@woothemes.com,1
40776TFFR,Kim Bourdas,M,1999-03-12,994-189-4995,5914042626,kbourdasoc@imgur.com,6
55002WPCD,Jereme Brownell,M,1947-07-08,133-729-6361,8714535015,jbrownellod@smh.com.au,11
85622VKBX,Christye Giacopazzi,F,1999-10-30,153-396-3892,,,19
11165EVEO,Link Laffranconi,M,1991-04-12,376-504-4193,8789840447,llaffranconiof@ifeng.com,22
50714TYYA,Chico Austins,M,1949-03-21,939-551-4200,6552382663,caustinsog@nba.com,30
39828YKCH,Warren Pessold,M,1995-07-08,352-466-4916,,,36
93994DXVB,Stevana Sinkin,F,1979-10-11,278-363-0221,4664905973,ssinkinoi@springer.com,37
82878UKGO,Tamarra Tweedie,F,1992-11-28,904-689-7767,,,41
26981GTTS,Tony D'Antuoni,M,1993-12-07,381-625-7333,3039746216,tdantuoniok@joomla.org,43
13058IJMK,Milli Magnay,F,1998-06-01,753-529-7677,,,45
10284VVZP,Samuele Berndt,M,1951-12-03,697-512-9199,8684587369,sberndtom@icq.com,49
84230PYIY,Crawford Aguirrezabal,M,1993-05-12,582-689-7426,3513848157,caguirrezabalon@wikispaces.com,52
59687ZSFQ,Orin Compston,M,1967-09-22,808-643-1557,7143101296,ocompstonoo@youtu.be,55
95424JVNX,Fax Melpuss,M,1984-03-06,357-885-1232,,,57
80522DQGF,Frederique Fright,F,1948-11-06,753-651-3347,5362536395,ffrightoq@vistaprint.com,59
24766FIYN,Odelinda Hellcat,F,1999-12-16,876-177-0035,7689066567,ohellcator@youtube.com,67
86730XJCB,Melony Brayshay,F,1999-01-25,904-930-9634,1867229775,mbrayshayos@spotify.com,68
42401MDAG,Brittani McEntegart,F,2001-08-21,308-820-2793,8663868965,bmcentegartot@blog.com,72
87348CFQT,Rochell Finkle,F,1963-08-31,382-251-6822,,,78
53929HPNL,Tatiana Rabjohns,F,1956-07-03,333-445-7156,4882425495,trabjohnsov@furl.net,82
60034TGDO,Lura Chadbourne,F,1955-07-12,338-746-3127,1026847070,lchadbourneow@cnbc.com,83
82197BDSL,Kelsey Hellwig,M,1974-09-14,346-880-7327,5349033506,khellwigox@bbb.org,88
62472DUFM,Tanny Gallahue,M,1965-09-15,836-183-1464,6548848339,tgallahueoy@walmart.com,89
27994ZTYP,Damara Carrabot,F,1993-10-02,822-228-5823,9381109699,dcarrabotoz@squarespace.com,90
99936IYUN,Maris Kasting,F,1983-02-20,617-423-5425,4069882936,mkastingp0@edublogs.org,91
78455IHLB,Vanya Lembrick,F,1957-06-23,779-188-5245,5559573693,vlembrickp1@umn.edu,92
98540GCOB,Ryon Syer,M,1995-05-24,456-377-6780,4883855330,rsyerp2@fda.gov,95
36424WPSP,Rocky Celiz,M,1984-11-21,243-166-1367,3334795625,rcelizp3@ed.gov,98
04681BNYH,Celestine Yakovliv,F,1979-10-07,850-678-4347,7057833017,cyakovlivp4@statcounter.com,99
82928TFCA,Jeannette Freund,F,1964-05-20,553-637-0614,9142939432,jfreundp5@google.com,102
73238ZXCX,Delia Kettley,F,1978-10-18,336-383-3288,7075897128,dkettleyp6@mapquest.com,104
59081JRDF,Tate Poundford,F,1946-09-15,367-407-9526,,,105
60112LHBE,Delaney Ells,M,1962-05-20,904-886-6789,1454106959,dellsp8@examiner.com,107
74250NVBC,Fifine Symondson,F,1950-04-05,302-426-9778,1661581322,fsymondsonp9@princeton.edu,108
18772KBIE,Lesya Gutridge,F,1982-03-03,422-388-1832,8554484684,lgutridgepa@feedburner.com,110
78754AXTH,Carlynn Sharkey,F,1987-01-20,468-590-3517,2157232114,csharkeypb@cbsnews.com,113
93326PHAO,Carolyn Amburgy,F,1999-03-26,745-545-3444,1849038473,camburgypc@yahoo.com,116
52959IFMB,Gabey Giacopello,F,1955-09-23,726-942-2946,2452627701,ggiacopellopd@fda.gov,117
27828NLUG,Nonnah Pardoe,F,1970-11-17,501-685-8467,,,118
18317IDGU,Bourke Andreone,M,1956-02-17,203-547-9682,3125634981,bandreonepf@slideshare.net,119
07724TNDJ,Halley Knightly,F,1995-05-03,672-872-3607,,,120
61846YGES,Luis Lube,M,1986-04-28,494-910-1738,1833845204,llubeph@nhs.uk,124
60043JETS,Adah Arnely,F,1999-03-08,447-210-5626,,,126
93575HSTH,Arlina Lilford,F,1963-03-14,381-193-5979,,,127
56866KCUB,Bryn Hawkswell,M,1975-01-14,832-864-0647,4246953016,bhawkswellpk@gizmodo.com,133
39496WZCX,Fionnula Garatty,F,1979-12-01,748-485-2645,,,134
97715SYFH,Isa Pattini,M,1946-03-31,512-198-3431,7295415226,ipattinipm@businessweek.com,135
77248IJYF,Ed Verrechia,M,1989-09-05,147-422-7043,,,137
33027XWHR,Brynn Boyes,F,1947-12-01,134-612-3340,8599224278,bboyespo@howstuffworks.com,138
56426VNSP,Tadeas Kinnen,M,1971-09-10,832-191-6120,6209720823,tkinnenpp@quantcast.com,141
22230RBTS,Nealon Yurenin,M,2001-07-05,298-126-0517,5796426547,nyureninpq@behance.net,142
00588XUMP,Lonny Pitceathly,M,1966-09-22,783-463-5773,4214736602,lpitceathlypr@google.com.au,145
39894AGBO,Kristina Klimas,F,1997-09-21,275-184-9826,6776100502,kklimasps@networkadvertising.org,147
04385HCST,Loren Lewsam,M,1974-06-27,403-771-7559,,,149
89310FQIP,Khalil Sagerson,M,1951-03-15,389-354-9529,5262920066,ksagersonpu@wp.com,151
56552BBSH,Lowell Wastall,M,1968-03-25,947-816-7962,,,155
72277KGXB,Laural Baptie,F,1977-07-08,231-317-1749,9881240018,lbaptiepw@bing.com,159
60422IQID,Gladi Moneti,F,1946-02-14,611-438-0341,9193181135,gmonetipx@hibu.com,160
14952KMMT,Rosetta Buckleigh,F,1981-05-09,507-755-7539,9757177209,rbuckleighpy@ox.ac.uk,164
87379SRPN,Lacee Sowerbutts,F,1969-12-15,103-142-2477,1979482322,lsowerbuttspz@telegraph.co.uk,165
90469FNZZ,Mohandas Minnis,M,1958-05-11,884-943-1127,1592455993,mminnisq0@si.edu,168
32224OKYC,Kaine Powlesland,M,1963-11-10,739-165-7061,,,169
93367YZHI,Poppy Whitlaw,F,1987-11-27,702-860-7811,7284714986,pwhitlawq2@cdbaby.com,170
50630VINA,Kort Gillibrand,M,1948-03-30,663-142-8812,4502724250,kgillibrandq3@symantec.com,174
64948XSGB,Jillane Emmott,F,1970-09-27,329-246-0790,8861726813,jemmottq4@china.com.cn,176
50790NQOP,Jere Westpfel,F,1949-04-04,481-359-8337,2659833032,jwestpfelq5@cnbc.com,178
80533HGTT,Dallis Vlasin,M,1951-07-28,670-581-1698,6759323914,dvlasinq6@springer.com,181
61405UMPL,Shalne McDonogh,F,1978-04-03,664-820-5149,7729314999,smcdonoghq7@fastcompany.com,183
55261UPZX,Milly Hosier,F,1959-03-22,715-174-6909,8314990842,mhosierq8@theatlantic.com,184
35608EJLD,Christa Ericssen,F,1956-03-01,902-387-2129,8983025971,cericssenq9@whitehouse.gov,186
91493VDDP,Hilda Stonbridge,F,1964-05-21,338-857-7199,,,188
27688XCOI,Martguerita Minett,F,1951-09-29,672-261-5922,2715514007,mminettqb@mozilla.org,189
78872OOSZ,Emiline Danihelka,F,1968-07-21,608-787-1847,9151488555,edanihelkaqc@huffingtonpost.com,190
11786OHTZ,Gusella Vest,F,1974-01-04,498-591-9099,5909780857,gvestqd@apple.com,191
65482KFQJ,Bob Billam,M,1978-10-24,596-218-9389,6116607246,bbillamqe@phoca.cz,192
81317NDEE,Jasmin Martill,F,1971-02-16,430-633-5460,,,195
10899WTNY,Carey Roswarn,F,1949-01-22,457-284-3151,1684507833,croswarnqg@cdbaby.com,196
70019SNXZ,Bennie Epple,F,1977-12-28,427-640-0418,7341473044,beppleqh@ameblo.jp,198
51810FNRT,Dud Hasted,M,1951-06-24,672-918-4619,2535433150,dhastedqi@ucsd.edu,200
01645CCZD,Ellynn Barchrameev,F,1983-11-26,230-257-1597,,,204
73657XSCL,Oneida Fullerlove,F,1977-06-03,839-595-0314,,,214
15845IDJD,Claus Lytlle,M,1960-10-13,117-661-5715,7832912892,clytlleql@hao123.com,219
22823GWMJ,Prent Stanesby,M,1968-05-22,483-904-3082,5535234197,pstanesbyqm@51.la,221
07988RKUW,Clerc Dilnot,M,1962-03-26,976-289-8988,8048689622,cdilnotqn@earthlink.net,222
16259JEGS,Davie Nazair,M,1959-12-02,268-382-1948,5967076436,dnazairqo@is.gd,223
22569AOUX,Kessia Haslewood,F,1957-05-08,603-391-8656,8899269664,khaslewoodqp@epa.gov,225
20240KTQG,Chastity Senussi,F,1980-11-28,352-890-0416,6146331153,csenussiqq@bandcamp.com,226
43020SOQX,Brennen Neames,M,1962-04-05,810-810-3461,4961945282,bneamesqr@booking.com,228
59721YWJG,Giselbert Wardhaw,M,2001-03-28,518-547-7370,6432805611,gwardhawqs@craigslist.org,235
84358JOSY,Malvin Arnald,M,1948-02-11,762-120-4731,4892232040,marnaldqt@phpbb.com,239
17259XFMD,Conant Hartop,M,1999-12-19,590-496-0913,2142776176,chartopqu@flavors.me,240
06446CDFK,Sharyl Ingarfill,F,1989-07-26,610-183-6029,5466618122,singarfillqv@rakuten.co.jp,241
90310ZNIC,Der Toseland,M,1966-11-18,455-556-3959,7585638291,dtoselandqw@g.co,243
72712QUEG,Ambrosio Stancer,M,1948-03-09,284-374-6742,1524714869,astancerqx@gravatar.com,246
34230UOEV,De witt Kalb,M,1992-03-03,655-209-2925,8985749581,dwittqy@slideshare.net,247
67999ZVJZ,Ber Raspison,M,1964-07-23,937-133-8988,3251096699,braspisonqz@cam.ac.uk,248
76720UBNG,Carly Garvey,M,1964-01-13,329-142-4459,,,249
50160OKNO,Bruce Walling,M,1948-06-13,374-521-2689,6803028512,bwallingr1@jalbum.net,253
42031SUYR,Maurice Thebe,M,1984-01-17,975-554-6530,7952309320,mtheber2@lulu.com,256
23347QHTS,Laurens McNeilly,M,1988-11-12,541-839-3851,2442828998,lmcneillyr3@tmall.com,260
95175ZFPU,Paxton Burnel,M,1999-03-02,710-963-3795,1883575227,pburnelr4@tripod.com,262
39946DXOX,Sharlene Gaither,F,1972-04-12,850-931-5725,3206466335,sgaitherr5@shareasale.com,263
23315NTPM,Romola Goodlud,F,1985-05-25,638-782-3812,8864443475,rgoodludr6@google.com.hk,264
60643TOPK,Ruperto Tilly,M,1990-05-15,876-610-2736,7821049246,rtillyr7@eepurl.com,265
90579LYTV,Ladonna Lavrick,F,1989-09-09,740-894-2254,6462843911,llavrickr8@artisteer.com,266
71710FHWI,Mendie Appleby,M,1996-11-27,513-854-2363,3898978989,mapplebyr9@qq.com,267
67470TCVG,Bel Wyche,F,1979-06-15,935-151-2598,9158356429,bwychera@booking.com,270
10711HZSK,Ame Thirlwall,F,1952-07-31,370-748-8822,1403180010,athirlwallrb@google.fr,271
40855YKUQ,Cecilius Mallatratt,M,1963-10-04,130-159-1013,,,272
66385AJCL,Lisbeth Bloxham,F,1955-02-16,350-756-0182,8576681692,lbloxhamrd@sciencedirect.com,273
95840FXYH,Tiphani Petett,F,1952-07-01,229-276-8950,8536519234,tpetettre@scribd.com,279
96595OHCG,Binni Phette,F,1960-04-05,283-248-8888,,,280
55088GNKQ,Cayla De Vaux,F,1973-06-29,903-371-2046,3657277232,cderg@homestead.com,282
16463SLWC,Addi O'Driscoll,F,1976-12-13,259-132-2729,4806579159,aodriscollrh@ucla.edu,285
05169NMGX,Emmie Biddleston,F,1982-10-11,962-148-0495,8644823021,ebiddlestonri@techcrunch.com,287
77612EZBQ,Jo-ann Aiskrigg,F,1969-04-17,488-383-0781,2759911654,jaiskriggrj@chronoengine.com,288
99554GPDU,Eduardo Lembcke,M,1951-02-14,792-458-9229,8314386394,elembckerk@nydailynews.com,289
42484CHAL,Leandra Maddaford,F,1958-02-17,149-856-3623,3831975707,lmaddafordrl@about.com,292
07415XWEI,Adelle Diggle,F,1968-04-20,396-782-4716,3639116358,adigglerm@ftc.gov,294
76778MNQG,Marcellus Dalla,M,2000-08-28,321-134-1898,4905065054,mdallarn@a8.net,299
46368AQQY,Katha Cragoe,F,1971-06-06,415-212-1960,5376921039,kcragoero@cisco.com,300
03948TOZT,Temple Berthon,M,1991-02-20,821-698-8677,3127410752,tberthonrp@hatena.ne.jp,301
66175TMAP,Shanie Escreet,F,1979-02-13,855-574-8238,8693737448,sescreetrq@wiley.com,305
13201GLAS,Fitzgerald Lafontaine,M,1959-08-10,226-810-4294,,,306
